Voltage,Timestamp,Moving Average,Voltage Change,Time Difference,Rate of Change,MA_1000,MA_5000
99,2024-06-26 09:36:30,99.8,-1.0,16.0,-0.0625,,
98,2024-06-26 09:42:33,98.8,-1.0,17.0,-0.058823529411764705,,
97,2024-06-26 09:57:38,97.8,-1.0,16.0,-0.0625,,
97,2024-06-26 09:58:47,97.8,-1.0,17.0,-0.058823529411764705,,
96,2024-06-26 10:11:06,96.8,-1.0,14.0,-0.07142857142857142,,
95,2024-06-26 10:33:38,95.8,-1.0,15.0,-0.06666666666666667,,
94,2024-06-26 10:41:38,94.8,-1.0,16.0,-0.0625,,
93,2024-06-26 10:54:01,93.8,-1.0,16.0,-0.0625,,
92,2024-06-26 10:58:56,92.8,-1.0,32.0,-0.03125,,
92,2024-06-26 10:59:29,92.6,-1.0,15.0,-0.06666666666666667,,
91,2024-06-26 11:04:10,91.8,-1.0,15.0,-0.06666666666666667,,
90,2024-06-26 11:08:35,90.8,-1.0,17.0,-0.058823529411764705,,
89,2024-06-26 11:23:57,89.8,-1.0,32.0,-0.03125,,
88,2024-06-26 11:30:51,88.8,-1.0,16.0,-0.0625,,
87,2024-06-26 11:34:25,87.8,-1.0,15.0,-0.06666666666666667,,
86,2024-06-26 11:37:10,86.8,-1.0,33.0,-0.030303030303030304,,
85,2024-06-26 11:39:55,85.8,-1.0,16.0,-0.0625,,
84,2024-06-26 11:41:51,84.8,-1.0,17.0,-0.058823529411764705,,
83,2024-06-26 11:47:37,83.8,-1.0,16.0,-0.0625,,
82,2024-06-26 11:49:32,82.8,-1.0,15.0,-0.06666666666666667,,
82,2024-06-26 11:50:06,82.6,-1.0,17.0,-0.058823529411764705,,
81,2024-06-26 11:54:12,81.8,-1.0,16.0,-0.0625,,
80,2024-06-26 11:56:25,80.8,-1.0,16.0,-0.0625,,
79,2024-06-26 11:59:42,79.8,-1.0,16.0,-0.0625,,
78,2024-06-26 12:01:06,78.8,-1.0,18.0,-0.05555555555555555,,
78,2024-06-26 12:01:39,78.6,-1.0,17.0,-0.058823529411764705,,
77,2024-06-26 12:05:12,77.8,-1.0,15.0,-0.06666666666666667,,
75,2024-06-26 12:12:23,76.6,-2.0,266.0,-0.007518796992481203,,
74,2024-06-26 12:13:45,74.8,-1.0,1.0,-1.0,,
73,2024-06-26 12:17:37,73.8,-1.0,50.0,-0.02,,
72,2024-06-26 12:20:05,72.8,-1.0,18.0,-0.05555555555555555,,
71,2024-06-26 12:23:23,71.8,-1.0,16.0,-0.0625,,
70,2024-06-26 12:25:35,70.8,-1.0,18.0,-0.05555555555555555,,
69,2024-06-26 12:28:35,69.8,-1.0,15.0,-0.06666666666666667,,
68,2024-06-26 12:31:38,68.8,-1.0,18.0,-0.05555555555555555,,
67,2024-06-26 12:34:23,67.8,-1.0,18.0,-0.05555555555555555,,
66,2024-06-26 12:37:57,66.8,-1.0,16.0,-0.0625,,
65,2024-06-26 12:41:48,65.8,-1.0,1.0,-1.0,,
64,2024-06-26 12:46:12,64.8,-1.0,15.0,-0.06666666666666667,,
63,2024-06-26 12:50:02,63.8,-1.0,17.0,-0.058823529411764705,,
62,2024-06-26 12:51:41,62.8,-1.0,14.0,-0.07142857142857142,,
61,2024-06-26 12:54:44,61.8,-1.0,17.0,-0.058823529411764705,,
61,2024-06-26 12:56:06,61.2,-1.0,18.0,-0.05555555555555555,,
60,2024-06-26 13:00:29,60.8,-1.0,14.0,-0.07142857142857142,,
59,2024-06-26 13:04:03,59.8,-1.0,16.0,-0.0625,,
58,2024-06-26 13:05:59,58.8,-1.0,15.0,-0.06666666666666667,,
58,2024-06-26 13:07:55,58.8,-1.0,16.0,-0.0625,,
57,2024-06-26 13:12:03,57.8,-1.0,16.0,-0.0625,,
56,2024-06-26 13:13:59,56.8,-1.0,17.0,-0.058823529411764705,,
55,2024-06-26 13:17:33,55.8,-1.0,16.0,-0.0625,,
54,2024-06-26 13:19:44,54.8,-1.0,15.0,-0.06666666666666667,,
53,2024-06-26 13:24:26,53.8,-1.0,16.0,-0.0625,,
52,2024-06-26 13:27:11,52.8,-1.0,18.0,-0.05555555555555555,,
51,2024-06-26 13:35:26,51.8,-1.0,17.0,-0.058823529411764705,,
50,2024-06-26 13:37:20,50.8,-1.0,16.0,-0.0625,,
49,2024-06-26 13:40:23,49.8,-1.0,2.0,-0.5,,
48,2024-06-26 13:42:50,48.8,-1.0,16.0,-0.0625,,
47,2024-06-26 13:46:26,47.8,-1.0,17.0,-0.058823529411764705,,
46,2024-06-26 13:48:20,46.8,-1.0,15.0,-0.06666666666666667,80.228,
45,2024-06-26 13:51:23,45.8,-1.0,2.0,-0.5,79.633,
44,2024-06-26 13:54:06,44.8,-1.0,16.0,-0.0625,79.082,
43,2024-06-26 13:57:26,43.8,-1.0,18.0,-0.05555555555555555,78.355,
42,2024-06-26 13:59:36,42.8,-1.0,14.0,-0.07142857142857142,77.962,
41,2024-06-26 14:04:35,41.8,-1.0,17.0,-0.058823529411764705,76.882,
89,2024-06-26 15:24:59,89.8,-1.0,16.0,-0.0625,76.467,
88,2024-06-26 15:29:57,89.2,-1.0,282.0,-0.0035460992907801418,76.448,
87,2024-06-26 15:30:29,88.2,-1.0,16.0,-0.0625,76.427,
86,2024-06-26 15:33:31,86.8,-1.0,17.0,-0.058823529411764705,76.294,
85,2024-06-26 15:37:03,85.8,-1.0,15.0,-0.06666666666666667,76.125,
84,2024-06-26 15:39:00,84.8,-1.0,16.0,-0.0625,76.02,
83,2024-06-26 15:44:30,83.8,-1.0,17.0,-0.058823529411764705,75.726,
82,2024-06-26 15:46:25,82.8,-1.0,16.0,-0.0625,75.613,
81,2024-06-26 15:50:16,81.8,-1.0,16.0,-0.0625,75.402,
80,2024-06-26 15:53:00,80.8,-1.0,16.0,-0.0625,75.225,
80,2024-06-26 15:54:05,80.4,-1.0,14.0,-0.07142857142857142,75.161,
79,2024-06-26 15:57:07,79.8,-1.0,15.0,-0.06666666666666667,74.968,
78,2024-06-26 15:59:21,78.8,-1.0,17.0,-0.058823529411764705,74.814,
77,2024-06-26 16:04:17,77.8,-1.0,165.0,-0.006060606060606061,74.687,
76,2024-06-26 16:05:38,76.8,-1.0,16.0,-0.0625,74.591,
75,2024-06-26 16:08:39,75.8,-1.0,16.0,-0.0625,74.47,
74,2024-06-26 16:10:37,74.8,-1.0,33.0,-0.030303030303030304,74.322,
73,2024-06-26 16:13:37,73.8,-1.0,15.0,-0.06666666666666667,74.057,
72,2024-06-26 16:17:44,72.8,-1.0,147.0,-0.006802721088435374,73.872,
71,2024-06-26 16:20:31,71.8,-1.0,18.0,-0.05555555555555555,73.631,
70,2024-06-26 16:22:43,70.8,-1.0,3.0,-0.3333333333333333,73.405,
69,2024-06-26 16:29:01,69.8,-1.0,132.0,-0.007575757575757576,73.154,
68,2024-06-26 16:30:39,68.8,-1.0,16.0,-0.0625,72.997,
67,2024-06-26 16:33:58,68.0,-1.0,181.0,-0.0055248618784530384,72.915,
66,2024-06-26 16:37:49,66.8,-1.0,16.0,-0.0625,72.497,
65,2024-06-26 16:43:36,65.8,-1.0,264.0,-0.003787878787878788,72.356,
64,2024-06-26 16:44:08,65.2,-1.0,16.0,-0.0625,72.297,
63,2024-06-26 16:49:06,63.8,-1.0,17.0,-0.058823529411764705,71.756,
62,2024-06-26 16:51:50,62.8,-1.0,16.0,-0.0625,71.445,
61,2024-06-26 16:56:15,61.8,-1.0,17.0,-0.058823529411764705,70.936,
60,2024-06-26 16:59:32,60.8,-1.0,67.0,-0.014925373134328358,70.647,
59,2024-06-26 17:03:08,59.8,-1.0,17.0,-0.058823529411764705,70.481,
57,2024-06-26 17:09:25,57.8,-1.0,15.0,-0.06666666666666667,69.9,
56,2024-06-26 17:12:43,56.8,-1.0,16.0,-0.0625,69.589,
55,2024-06-26 17:17:57,55.8,-1.0,17.0,-0.058823529411764705,68.861,
53,2024-06-26 17:23:27,53.8,-1.0,15.0,-0.06666666666666667,68.572,
52,2024-06-26 17:26:12,52.8,-1.0,48.0,-0.020833333333333332,68.238,
51,2024-06-26 17:32:16,51.8,-1.0,34.0,-0.029411764705882353,67.401,
50,2024-06-26 17:33:22,51.2,-1.0,16.0,-0.0625,67.322,
49,2024-06-26 17:37:30,49.8,-1.0,2.0,-0.5,66.648,
48,2024-06-26 17:39:57,48.8,-1.0,15.0,-0.06666666666666667,66.287,
47,2024-06-26 17:43:34,47.8,-1.0,18.0,-0.05555555555555555,65.675,
46,2024-06-26 17:49:03,46.8,-1.0,2.0,-0.5,64.904,
45,2024-06-26 17:56:44,45.8,-1.0,16.0,-0.0625,63.771,
44,2024-06-26 18:00:52,44.8,-1.0,16.0,-0.0625,63.113,
43,2024-06-26 18:08:01,43.8,-1.0,16.0,-0.0625,62.501,
42,2024-06-26 18:14:03,42.8,-1.0,17.0,-0.058823529411764705,61.595,
42,2024-06-26 18:15:10,42.8,-1.0,16.0,-0.0625,61.412,
41,2024-06-26 18:25:03,41.8,-1.0,33.0,-0.030303030303030304,60.14,
40,2024-06-26 18:31:24,40.8,-1.0,18.0,-0.05555555555555555,59.299,
39,2024-06-26 18:48:27,39.8,-1.0,33.0,-0.030303030303030304,57.394,
38,2024-06-26 19:02:45,38.8,-1.0,18.0,-0.05555555555555555,56.044,
37,2024-06-26 19:24:28,37.8,-1.0,17.0,-0.058823529411764705,54.307,
36,2024-06-26 19:34:55,36.8,-1.0,17.0,-0.058823529411764705,53.558,
35,2024-06-26 20:05:45,35.8,-1.0,18.0,-0.05555555555555555,52.266,
34,2024-06-26 20:12:36,34.8,-1.0,16.0,-0.0625,51.913,
33,2024-06-26 20:34:03,33.8,-1.0,16.0,-0.0625,50.815,
32,2024-06-26 20:49:11,32.8,-1.0,18.0,-0.05555555555555555,47.614,
99,2024-06-26 22:39:47,99.8,-1.0,2.0,-0.5,47.993,
98,2024-06-26 22:42:15,98.8,-1.0,17.0,-0.058823529411764705,48.204,
97,2024-06-26 22:45:32,97.8,-1.0,17.0,-0.058823529411764705,48.889,
96,2024-06-26 22:53:32,96.8,-1.0,2.0,-0.5,50.532,
95,2024-06-26 23:00:08,95.8,-1.0,17.0,-0.058823529411764705,51.915,
94,2024-06-26 23:07:00,94.8,-1.0,117.0,-0.008547008547008548,52.974,
93,2024-06-26 23:16:21,93.8,-1.0,18.0,-0.05555555555555555,54.658,
92,2024-06-26 23:27:19,92.8,-1.0,16.0,-0.0625,56.136,
91,2024-06-26 23:35:18,91.8,-1.0,15.0,-0.06666666666666667,57.695,
90,2024-06-26 23:44:09,90.8,-1.0,134.0,-0.007462686567164179,58.306,
89,2024-06-26 23:54:18,89.8,-1.0,348.0,-0.0028735632183908046,59.223,
88,2024-06-27 00:00:52,88.8,-1.0,16.0,-0.0625,60.522,
87,2024-06-27 00:11:52,87.8,-1.0,16.0,-0.0625,61.663,
86,2024-06-27 00:16:50,86.8,-1.0,181.0,-0.0055248618784530384,62.054,
85,2024-06-27 00:30:02,85.8,-1.0,16.0,-0.0625,64.597,
84,2024-06-27 00:33:20,84.8,-1.0,16.0,-0.0625,65.218,
84,2024-06-27 00:34:11,84.6,-1.0,34.0,-0.029411764705882353,65.313,
83,2024-06-27 00:37:10,83.8,-1.0,15.0,-0.06666666666666667,65.876,
82,2024-06-27 00:39:55,82.8,-1.0,15.0,-0.06666666666666667,66.381,
81,2024-06-27 00:44:37,82.2,-1.0,266.0,-0.0037593984962406013,66.47,
80,2024-06-27 00:47:05,80.8,-1.0,16.0,-0.0625,66.918,
79,2024-06-27 00:52:04,79.8,-1.0,200.0,-0.005,67.269,
78,2024-06-27 00:56:26,78.8,-1.0,150.0,-0.006666666666666667,67.612,
77,2024-06-27 00:59:43,77.8,-1.0,15.0,-0.06666666666666667,68.157,
76,2024-06-27 01:07:28,76.8,-1.0,20.0,-0.05,69.427,
75,2024-06-27 01:13:28,75.8,-1.0,213.0,-0.004694835680751174,69.866,
74,2024-06-27 01:16:29,74.8,-1.0,131.0,-0.007633587786259542,70.065,
73,2024-06-27 01:20:05,73.8,-1.0,17.0,-0.058823529411764705,70.649,
72,2024-06-27 01:22:33,72.8,-1.0,14.0,-0.07142857142857142,71.031,
71,2024-06-27 01:27:47,71.8,-1.0,17.0,-0.058823529411764705,71.79,
68,2024-06-27 01:39:37,70.4,-3.0,580.0,-0.005172413793103448,71.972,
66,2024-06-27 01:44:15,67.6,-2.0,229.0,-0.008733624454148471,72.106,
65,2024-06-27 01:52:47,65.8,-1.0,376.0,-0.0026595744680851063,72.425,
64,2024-06-27 01:55:01,64.8,-1.0,15.0,-0.06666666666666667,72.672,
63,2024-06-27 02:00:30,63.8,-1.0,16.0,-0.0625,73.211,
62,2024-06-27 02:02:59,62.8,-1.0,17.0,-0.058823529411764705,73.326,
61,2024-06-27 02:06:49,61.8,-1.0,182.0,-0.005494505494505495,73.437,
59,2024-06-27 02:17:49,59.8,-1.0,362.0,-0.0027624309392265192,73.571,
58,2024-06-27 02:18:56,58.8,-1.0,17.0,-0.058823529411764705,73.7,
57,2024-06-27 02:22:16,57.8,-1.0,19.0,-0.05263157894736842,73.799,
56,2024-06-27 02:24:59,56.8,-1.0,17.0,-0.058823529411764705,74.062,
84,2024-06-27 03:18:23,84.8,-1.0,17.0,-0.058823529411764705,75.054,
83,2024-06-27 03:25:16,83.8,-1.0,165.0,-0.006060606060606061,75.924,
80,2024-06-27 03:35:09,80.8,-1.0,16.0,-0.0625,76.364,
79,2024-06-27 03:41:45,79.8,-1.0,17.0,-0.058823529411764705,76.987,
78,2024-06-27 03:48:04,78.8,-1.0,82.0,-0.012195121951219513,77.691,
77,2024-06-27 03:51:39,77.8,-1.0,2.0,-0.5,78.288,
76,2024-06-27 03:54:23,76.8,-1.0,82.0,-0.012195121951219513,78.557,
76,2024-06-27 03:54:56,76.6,-1.0,16.0,-0.0625,78.646,
74,2024-06-27 04:09:31,75.6,-2.0,809.0,-0.002472187886279357,78.864,
73,2024-06-27 04:10:52,73.8,-1.0,15.0,-0.06666666666666667,79.072,
72,2024-06-27 04:16:38,72.8,-1.0,16.0,-0.0625,79.93,
71,2024-06-27 04:20:47,71.8,-1.0,15.0,-0.06666666666666667,80.431,
70,2024-06-27 04:24:22,70.8,-1.0,17.0,-0.058823529411764705,80.802,
70,2024-06-27 04:25:28,70.6,-1.0,16.0,-0.0625,80.922,
69,2024-06-27 04:30:23,69.8,-1.0,16.0,-0.0625,81.274,
68,2024-06-27 04:33:10,68.8,-1.0,2.0,-0.5,81.404,
67,2024-06-27 04:38:06,67.8,-1.0,16.0,-0.0625,81.592,
66,2024-06-27 04:41:25,66.8,-1.0,17.0,-0.058823529411764705,81.695,
65,2024-06-27 04:45:30,65.8,-1.0,16.0,-0.0625,81.749,
64,2024-06-27 04:49:24,64.8,-1.0,18.0,-0.05555555555555555,81.725,
63,2024-06-27 04:55:10,63.8,-1.0,16.0,-0.0625,81.57,
62,2024-06-27 04:57:55,62.8,-1.0,17.0,-0.058823529411764705,81.437,
61,2024-06-27 05:04:30,61.8,-1.0,16.0,-0.0625,80.991,
61,2024-06-27 05:05:02,61.6,-1.0,17.0,-0.058823529411764705,80.954,
60,2024-06-27 05:07:31,60.8,-1.0,17.0,-0.058823529411764705,80.781,
59,2024-06-27 05:11:40,59.8,-1.0,16.0,-0.0625,80.418,
59,2024-06-27 05:12:46,59.6,-1.0,16.0,-0.0625,80.313,
58,2024-06-27 05:15:30,58.8,-1.0,16.0,-0.0625,79.98,
57,2024-06-27 05:19:54,57.8,-1.0,33.0,-0.030303030303030304,79.365,
56,2024-06-27 05:22:56,56.8,-1.0,16.0,-0.0625,78.848,
55,2024-06-27 05:27:54,55.8,-1.0,17.0,-0.058823529411764705,78.055,
54,2024-06-27 05:31:11,54.8,-1.0,16.0,-0.0625,77.469,
53,2024-06-27 05:35:18,53.8,-1.0,18.0,-0.05555555555555555,77.284,
52,2024-06-27 05:40:16,52.8,-1.0,247.0,-0.004048582995951417,77.095,
51,2024-06-27 05:43:15,51.8,-1.0,15.0,-0.06666666666666667,76.572,
50,2024-06-27 05:49:03,50.8,-1.0,1.0,-1.0,75.455,
49,2024-06-27 05:55:05,49.8,-1.0,14.0,-0.07142857142857142,74.423,
48,2024-06-27 05:58:08,48.8,-1.0,16.0,-0.0625,73.858,
47,2024-06-27 06:03:38,47.8,-1.0,18.0,-0.05555555555555555,72.859,
46,2024-06-27 06:06:24,46.8,-1.0,18.0,-0.05555555555555555,72.378,
45,2024-06-27 06:10:15,45.8,-1.0,18.0,-0.05555555555555555,71.657,
44,2024-06-27 06:12:59,44.8,-1.0,16.0,-0.0625,71.117,
43,2024-06-27 06:18:30,43.8,-1.0,18.0,-0.05555555555555555,70.032,
42,2024-06-27 06:20:42,42.8,-1.0,17.0,-0.058823529411764705,69.681,
42,2024-06-27 06:21:14,42.6,-1.0,17.0,-0.058823529411764705,69.58,
41,2024-06-27 06:28:23,41.8,-1.0,17.0,-0.058823529411764705,68.176,
40,2024-06-27 06:33:35,40.8,-1.0,17.0,-0.058823529411764705,67.173,
40,2024-06-27 06:34:26,40.4,-1.0,16.0,-0.0625,66.975,
39,2024-06-27 06:48:11,39.8,-1.0,17.0,-0.058823529411764705,64.334,
38,2024-06-27 06:54:47,38.8,-1.0,17.0,-0.058823529411764705,63.091,
38,2024-06-27 06:55:19,38.6,-1.0,16.0,-0.0625,62.996,
99,2024-06-27 14:12:31,99.8,-1.0,2.0,-0.5,61.753,
98,2024-06-27 14:17:28,98.8,-1.0,17.0,-0.058823529411764705,62.014,
97,2024-06-27 14:23:45,97.8,-1.0,16.0,-0.0625,62.401,
96,2024-06-27 14:35:03,96.8,-1.0,2.0,-0.5,63.288,
95,2024-06-27 14:55:56,95.8,-1.0,18.0,-0.05555555555555555,65.052,
94,2024-06-27 15:08:33,94.8,-1.0,16.0,-0.0625,66.58,
93,2024-06-27 15:19:17,93.8,-1.0,16.0,-0.0625,67.719,
92,2024-06-27 15:25:52,92.8,-1.0,15.0,-0.06666666666666667,67.994,
92,2024-06-27 15:26:43,92.4,-1.0,17.0,-0.058823529411764705,68.031,
91,2024-06-27 15:33:02,91.8,-1.0,16.0,-0.0625,68.321,
90,2024-06-27 15:37:43,90.8,-1.0,17.0,-0.058823529411764705,68.573,
89,2024-06-27 15:43:13,89.8,-1.0,17.0,-0.058823529411764705,68.919,
88,2024-06-27 15:45:57,88.8,-1.0,16.0,-0.0625,69.094,
87,2024-06-27 15:49:49,87.8,-1.0,17.0,-0.058823529411764705,69.331,
86,2024-06-27 15:52:33,86.8,-1.0,16.0,-0.0625,69.503,
86,2024-06-27 15:53:05,86.6,-1.0,15.0,-0.06666666666666667,69.534,
85,2024-06-27 16:07:07,85.8,-1.0,280.0,-0.0035714285714285713,69.766,
84,2024-06-27 16:10:08,84.8,-1.0,15.0,-0.06666666666666667,69.946,
83,2024-06-27 16:16:45,83.8,-1.0,17.0,-0.058823529411764705,70.341,
68,2024-06-27 17:15:03,80.0,-15.0,3384.0,-0.004432624113475178,70.454,
67,2024-06-27 17:17:13,67.8,-1.0,16.0,-0.0625,70.467,
66,2024-06-27 17:20:33,66.8,-1.0,18.0,-0.05555555555555555,70.484,
65,2024-06-27 17:24:24,65.8,-1.0,17.0,-0.058823529411764705,70.501,
64,2024-06-27 17:27:42,64.8,-1.0,18.0,-0.05555555555555555,70.513,
63,2024-06-27 17:31:15,63.8,-1.0,17.0,-0.058823529411764705,70.52,
62,2024-06-27 17:33:43,62.8,-1.0,16.0,-0.0625,70.526,
61,2024-06-27 17:37:52,61.8,-1.0,16.0,-0.0625,70.525,
60,2024-06-27 17:40:38,60.8,-1.0,18.0,-0.05555555555555555,70.521,
59,2024-06-27 17:44:12,59.8,-1.0,18.0,-0.05555555555555555,70.518,
58,2024-06-27 17:46:07,58.8,-1.0,16.0,-0.0625,70.51,
57,2024-06-27 17:49:25,57.8,-1.0,17.0,-0.058823529411764705,70.498,
56,2024-06-27 17:52:10,56.8,-1.0,16.0,-0.0625,70.486,
55,2024-06-27 17:56:01,55.8,-1.0,16.0,-0.0625,70.466,
54,2024-06-27 18:02:53,54.8,-1.0,15.0,-0.06666666666666667,70.445,
53,2024-06-27 18:06:29,53.8,-1.0,17.0,-0.058823529411764705,70.446,
52,2024-06-27 18:08:24,52.8,-1.0,33.0,-0.030303030303030304,70.45,
51,2024-06-27 18:11:42,51.8,-1.0,17.0,-0.058823529411764705,70.457,
50,2024-06-27 18:13:37,50.8,-1.0,33.0,-0.030303030303030304,70.456,
49,2024-06-27 18:16:55,49.8,-1.0,16.0,-0.0625,70.45,
48,2024-06-27 18:18:51,48.8,-1.0,17.0,-0.058823529411764705,70.437,
47,2024-06-27 18:23:15,47.8,-1.0,16.0,-0.0625,70.41,
46,2024-06-27 18:26:48,46.8,-1.0,165.0,-0.006060606060606061,70.397,
45,2024-06-27 18:29:17,45.8,-1.0,16.0,-0.0625,70.365,
44,2024-06-27 18:32:53,44.8,-1.0,17.0,-0.058823529411764705,70.319,
88,2024-06-27 19:45:35,88.8,-1.0,17.0,-0.058823529411764705,70.884,
87,2024-06-27 19:49:43,87.8,-1.0,198.0,-0.005050505050505051,71.049,
86,2024-06-27 19:51:05,86.8,-1.0,17.0,-0.058823529411764705,71.294,
85,2024-06-27 19:55:29,85.8,-1.0,17.0,-0.058823529411764705,71.86,
84,2024-06-27 19:57:40,84.8,-1.0,16.0,-0.0625,72.183,
83,2024-06-27 20:05:55,83.8,-1.0,16.0,-0.0625,73.482,
82,2024-06-27 20:08:57,82.8,-1.0,17.0,-0.058823529411764705,73.973,
81,2024-06-27 20:12:46,81.8,-1.0,17.0,-0.058823529411764705,74.576,
80,2024-06-27 20:15:31,80.8,-1.0,16.0,-0.0625,75.015,
79,2024-06-27 20:20:12,79.8,-1.0,16.0,-0.0625,75.767,
78,2024-06-27 20:22:57,78.8,-1.0,17.0,-0.058823529411764705,76.195,
76,2024-06-27 20:32:51,77.6,-2.0,478.0,-0.0041841004184100415,76.535,
75,2024-06-27 20:33:24,76.6,-1.0,17.0,-0.058823529411764705,76.606,
74,2024-06-27 20:35:18,74.8,-1.0,16.0,-0.0625,76.85,
73,2024-06-27 20:38:38,73.8,-1.0,17.0,-0.058823529411764705,77.325,
73,2024-06-27 20:39:11,73.6,-1.0,17.0,-0.058823529411764705,77.393,
72,2024-06-27 20:40:50,72.8,-1.0,3.0,-0.3333333333333333,77.63,
70,2024-06-27 20:47:24,72.0,-2.0,378.0,-0.005291005291005291,77.694,
69,2024-06-27 20:51:47,69.8,-1.0,17.0,-0.058823529411764705,77.972,
68,2024-06-27 20:54:50,68.8,-1.0,16.0,-0.0625,78.366,
67,2024-06-27 20:59:47,67.8,-1.0,231.0,-0.004329004329004329,78.515,
66,2024-06-27 21:05:33,67.2,-1.0,330.0,-0.0030303030303030303,78.572,
65,2024-06-27 21:09:25,65.8,-1.0,148.0,-0.006756756756756757,78.767,
64,2024-06-27 21:11:21,64.8,-1.0,2.0,-0.5,78.982,
63,2024-06-27 21:16:50,63.8,-1.0,1.0,-1.0,78.685,
62,2024-06-27 21:20:08,62.8,-1.0,16.0,-0.0625,78.208,
61,2024-06-27 21:24:48,61.8,-1.0,16.0,-0.0625,77.583,
60,2024-06-27 21:27:51,60.8,-1.0,2.0,-0.5,77.101,
59,2024-06-27 21:31:58,59.8,-1.0,17.0,-0.058823529411764705,76.503,
58,2024-06-27 21:36:22,59.2,-1.0,247.0,-0.004048582995951417,76.426,
57,2024-06-27 21:37:28,57.8,-1.0,16.0,-0.0625,76.269,
56,2024-06-27 21:38:51,56.8,-1.0,2.0,-0.5,76.028,
55,2024-06-27 21:42:25,55.8,-1.0,16.0,-0.0625,75.453,
54,2024-06-27 21:47:04,54.8,-1.0,163.0,-0.006134969325153374,75.074,
53,2024-06-27 21:47:21,54.4,-1.0,17.0,-0.058823529411764705,75.031,
52,2024-06-27 21:49:49,52.8,-1.0,31.0,-0.03225806451612903,74.686,
51,2024-06-27 21:52:52,51.8,-1.0,18.0,-0.05555555555555555,74.157,
50,2024-06-27 21:55:22,50.8,-1.0,3.0,-0.3333333333333333,73.706,
49,2024-06-27 22:01:06,49.8,-1.0,197.0,-0.005076142131979695,73.245,
48,2024-06-27 22:01:07,49.4,-1.0,1.0,-1.0,73.197,
47,2024-06-27 22:05:14,47.8,-1.0,16.0,-0.0625,72.428,67.9746
46,2024-06-27 22:06:37,46.8,-1.0,1.0,-1.0,72.182,67.9214
45,2024-06-27 22:11:01,45.8,-1.0,16.0,-0.0625,71.382,67.7484
44,2024-06-27 22:16:48,44.8,-1.0,17.0,-0.058823529411764705,70.231,67.4992
43,2024-06-27 22:25:35,43.8,-1.0,16.0,-0.0625,68.455,67.1202
42,2024-06-27 22:27:31,42.8,-1.0,49.0,-0.02040816326530612,68.199,67.065
41,2024-06-27 22:32:45,41.8,-1.0,17.0,-0.058823529411764705,67.158,66.8408
40,2024-06-27 22:36:36,40.8,-1.0,18.0,-0.05555555555555555,66.421,66.6822
39,2024-06-27 22:43:11,39.8,-1.0,15.0,-0.06666666666666667,64.994,66.3742
38,2024-06-27 22:48:24,38.8,-1.0,17.0,-0.058823529411764705,63.933,66.1426
37,2024-06-27 22:59:08,37.8,-1.0,17.0,-0.058823529411764705,61.679,65.6436
36,2024-06-27 23:03:49,36.8,-1.0,34.0,-0.029411764705882353,60.802,65.4428
36,2024-06-27 23:04:54,36.6,-1.0,16.0,-0.0625,60.597,65.3954
35,2024-06-27 23:16:11,35.8,-1.0,1.0,-1.0,58.783,64.9664
34,2024-06-27 23:25:32,34.8,-1.0,16.0,-0.0625,57.015,64.5384
33,2024-06-27 23:31:19,33.8,-1.0,17.0,-0.058823529411764705,56.183,64.2622
32,2024-06-27 23:36:48,32.8,-1.0,16.0,-0.0625,55.75,64.1048
31,2024-06-27 23:45:37,31.8,-1.0,16.0,-0.0625,54.734,63.73
30,2024-06-27 23:56:03,30.8,-1.0,16.0,-0.0625,53.494,63.2538
29,2024-06-28 00:20:32,29.8,-1.0,16.0,-0.0625,51.195,62.2482
28,2024-06-28 01:05:19,28.8,-1.0,16.0,-0.0625,44.96,60.5024
99,2024-06-28 07:01:49,99.8,-1.0,15.0,-0.06666666666666667,45.43,60.7202
98,2024-06-28 07:50:48,98.8,-1.0,16.0,-0.0625,47.216,61.2588
97,2024-06-28 09:04:49,97.8,-1.0,149.0,-0.006711409395973154,48.193,61.4998
96,2024-06-28 09:08:07,96.8,-1.0,15.0,-0.06666666666666667,48.618,61.5992
95,2024-06-28 09:37:30,95.8,-1.0,17.0,-0.058823529411764705,52.728,62.542
94,2024-06-28 09:43:16,94.8,-1.0,16.0,-0.0625,53.723,62.7504
93,2024-06-28 10:03:54,93.8,-1.0,16.0,-0.0625,56.626,63.351
92,2024-06-28 10:16:48,92.8,-1.0,17.0,-0.058823529411764705,58.673,63.6216
91,2024-06-28 10:37:59,91.8,-1.0,33.0,-0.030303030303030304,61.763,63.71
90,2024-06-28 10:56:08,90.8,-1.0,16.0,-0.0625,65.224,63.86
89,2024-06-28 11:12:20,89.8,-1.0,17.0,-0.058823529411764705,68.433,64.0734
88,2024-06-28 11:30:29,88.8,-1.0,16.0,-0.0625,70.266,64.2274
88,2024-06-28 11:31:03,88.6,-1.0,16.0,-0.0625,70.373,64.2372
87,2024-06-28 11:44:31,87.8,-1.0,17.0,-0.058823529411764705,72.491,64.435
86,2024-06-28 11:46:27,86.8,-1.0,17.0,-0.058823529411764705,72.93,64.477
85,2024-06-28 11:50:01,85.8,-1.0,17.0,-0.058823529411764705,73.685,64.5542
84,2024-06-28 11:59:53,84.8,-1.0,16.0,-0.0625,75.782,64.7778
83,2024-06-28 12:16:24,83.8,-1.0,17.0,-0.058823529411764705,79.282,65.2044
82,2024-06-28 12:18:21,82.8,-1.0,17.0,-0.058823529411764705,79.652,65.2532
81,2024-06-28 12:23:50,81.8,-1.0,16.0,-0.0625,80.795,65.4058
80,2024-06-28 12:29:19,80.8,-1.0,16.0,-0.0625,81.418,65.489
79,2024-06-28 12:34:34,79.8,-1.0,16.0,-0.0625,82.029,65.5704
78,2024-06-28 12:37:19,78.8,-1.0,17.0,-0.058823529411764705,82.578,65.6434
77,2024-06-28 12:43:38,77.8,-1.0,17.0,-0.058823529411764705,83.753,65.8036
76,2024-06-28 12:48:51,76.8,-1.0,16.0,-0.0625,84.76,65.945
75,2024-06-28 12:52:57,75.8,-1.0,16.0,-0.0625,85.511,66.051
75,2024-06-28 12:56:17,75.4,-1.0,17.0,-0.058823529411764705,86.111,66.1372
74,2024-06-28 12:58:27,74.8,-1.0,15.0,-0.06666666666666667,86.478,66.1898
73,2024-06-28 13:03:57,73.8,-1.0,15.0,-0.06666666666666667,87.422,66.3256
72,2024-06-28 13:09:44,72.8,-1.0,17.0,-0.058823529411764705,88.081,66.4214
71,2024-06-28 13:14:26,71.8,-1.0,133.0,-0.007518796992481203,88.553,66.491
70,2024-06-28 13:17:10,70.8,-1.0,16.0,-0.0625,89.015,66.559
69,2024-06-28 13:24:20,69.8,-1.0,17.0,-0.058823529411764705,88.894,66.6548
68,2024-06-28 13:27:21,68.8,-1.0,15.0,-0.06666666666666667,88.521,66.7242
67,2024-06-28 13:33:23,67.8,-1.0,15.0,-0.06666666666666667,87.759,66.8596
66,2024-06-28 13:37:15,66.8,-1.0,115.0,-0.008695652173913044,87.47,66.9098
65,2024-06-28 13:39:59,65.8,-1.0,114.0,-0.008771929824561403,87.337,66.9312
64,2024-06-28 13:42:45,64.8,-1.0,1.0,-1.0,87.166,66.957
63,2024-06-28 13:46:20,63.8,-1.0,17.0,-0.058823529411764705,86.675,67.0268
60,2024-06-28 13:56:45,61.6,-2.0,346.0,-0.005780346820809248,86.451,67.054
59,2024-06-28 13:59:32,59.8,-1.0,2.0,-0.5,86.021,67.1006
58,2024-06-28 14:01:59,58.8,-1.0,16.0,-0.0625,85.66,67.1382
58,2024-06-28 14:04:28,58.2,-1.0,16.0,-0.0625,85.251,67.1784
57,2024-06-28 14:09:26,57.8,-1.0,17.0,-0.058823529411764705,84.448,67.2582
56,2024-06-28 14:12:28,56.8,-1.0,18.0,-0.05555555555555555,83.955,67.3036
56,2024-06-28 14:16:18,56.2,-1.0,181.0,-0.0055248618784530384,83.749,67.3218
55,2024-06-28 14:16:35,56.0,-1.0,17.0,-0.058823529411764705,83.707,67.3252
54,2024-06-28 14:19:36,54.8,-1.0,16.0,-0.0625,83.205,67.3658
53,2024-06-28 14:24:15,53.8,-1.0,16.0,-0.0625,82.49,67.4222
52,2024-06-28 14:27:17,52.8,-1.0,17.0,-0.058823529411764705,82.016,67.4572
51,2024-06-28 14:33:21,51.8,-1.0,16.0,-0.0625,80.959,67.5304
50,2024-06-28 14:38:19,50.8,-1.0,17.0,-0.058823529411764705,80.103,67.5872
49,2024-06-28 14:42:42,49.8,-1.0,17.0,-0.058823529411764705,79.458,67.6262
48,2024-06-28 14:44:54,48.8,-1.0,33.0,-0.030303030303030304,79.081,67.6468
47,2024-06-28 14:50:24,47.8,-1.0,164.0,-0.006097560975609756,78.696,67.6658
77,2024-06-28 15:42:33,77.8,-1.0,16.0,-0.0625,78.197,67.7566
76,2024-06-28 15:45:34,77.2,-1.0,66.0,-0.015151515151515152,78.16,67.7728
75,2024-06-28 15:53:16,76.4,-2.0,396.0,-0.005050505050505051,78.104,67.797
74,2024-06-28 15:54:21,74.8,-1.0,16.0,-0.0625,78.023,67.8282
73,2024-06-28 15:58:29,73.8,-1.0,15.0,-0.06666666666666667,77.835,67.8982
72,2024-06-28 16:01:29,72.8,-1.0,15.0,-0.06666666666666667,77.582,67.9892
71,2024-06-28 16:06:10,71.8,-1.0,16.0,-0.0625,77.185,68.1248
71,2024-06-28 16:07:48,71.8,-1.0,17.0,-0.058823529411764705,77.051,68.17
70,2024-06-28 16:09:45,70.8,-1.0,15.0,-0.06666666666666667,76.866,68.229
69,2024-06-28 16:15:00,69.8,-1.0,18.0,-0.05555555555555555,76.366,68.38
68,2024-06-28 16:16:54,68.8,-1.0,17.0,-0.058823529411764705,76.173,68.4358
67,2024-06-28 16:21:49,67.8,-1.0,48.0,-0.020833333333333332,75.772,68.5444
66,2024-06-28 16:24:02,66.8,-1.0,17.0,-0.058823529411764705,75.537,68.6046
65,2024-06-28 16:27:37,65.8,-1.0,2.0,-0.5,75.142,68.7034
65,2024-06-28 16:28:26,65.6,-1.0,16.0,-0.0625,75.063,68.723
64,2024-06-28 16:30:22,64.8,-1.0,2.0,-0.5,74.846,68.774
63,2024-06-28 16:34:28,63.8,-1.0,16.0,-0.0625,74.425,68.8668
63,2024-06-28 16:35:02,63.6,-1.0,15.0,-0.06666666666666667,74.368,68.879
62,2024-06-28 16:38:51,62.8,-1.0,16.0,-0.0625,73.932,68.9692
61,2024-06-28 16:44:05,61.8,-1.0,16.0,-0.0625,73.315,69.095
60,2024-06-28 16:46:17,60.8,-1.0,15.0,-0.06666666666666667,73.044,69.147
59,2024-06-28 16:51:32,59.8,-1.0,18.0,-0.05555555555555555,72.392,69.2644
58,2024-06-28 16:54:02,58.8,-1.0,18.0,-0.05555555555555555,72.071,69.3182
57,2024-06-28 16:58:06,57.8,-1.0,15.0,-0.06666666666666667,71.546,69.3988
56,2024-06-28 17:00:52,56.8,-1.0,17.0,-0.058823529411764705,71.182,69.445
55,2024-06-28 17:05:00,55.8,-1.0,15.0,-0.06666666666666667,70.603,69.5008
54,2024-06-28 17:09:39,54.8,-1.0,96.0,-0.010416666666666666,70.182,69.5292
53,2024-06-28 17:12:59,53.8,-1.0,18.0,-0.05555555555555555,69.677,69.5504
53,2024-06-28 17:13:48,53.6,-1.0,17.0,-0.058823529411764705,69.569,69.5538
52,2024-06-28 17:16:35,52.8,-1.0,20.0,-0.05,69.172,69.5602
50,2024-06-28 17:26:43,51.6,-2.0,364.0,-0.005494505494505495,68.578,69.5548
49,2024-06-28 17:27:34,50.6,-1.0,34.0,-0.029411764705882353,68.499,69.5522
48,2024-06-28 17:29:10,48.8,-1.0,16.0,-0.0625,68.259,69.5426
48,2024-06-28 17:29:30,48.6,-1.0,19.0,-0.05263157894736842,68.18,69.5388
47,2024-06-28 17:33:52,47.8,-1.0,16.0,-0.0625,67.499,69.497
47,2024-06-28 17:34:24,47.6,-1.0,16.0,-0.0625,67.418,69.491
46,2024-06-28 17:38:49,46.8,-1.0,16.0,-0.0625,66.72,69.4302
45,2024-06-28 17:42:39,45.8,-1.0,16.0,-0.0625,66.109,69.3618
44,2024-06-28 17:47:21,44.8,-1.0,17.0,-0.058823529411764705,65.34,69.256
44,2024-06-28 17:48:10,44.6,-1.0,16.0,-0.0625,65.219,69.2374
43,2024-06-28 17:56:24,43.8,-1.0,114.0,-0.008771929824561403,64.113,69.049
42,2024-06-28 17:58:06,42.8,-1.0,18.0,-0.05555555555555555,63.825,68.997
42,2024-06-28 17:59:09,42.2,-1.0,15.0,-0.06666666666666667,63.658,68.9668
41,2024-06-28 18:03:19,41.8,-1.0,18.0,-0.05555555555555555,62.985,68.8372
40,2024-06-28 18:07:25,40.8,-1.0,16.0,-0.0625,62.296,68.6864
39,2024-06-28 18:15:24,39.8,-1.0,17.0,-0.058823529411764705,60.904,68.3222
38,2024-06-28 18:20:37,38.8,-1.0,16.0,-0.0625,60.004,68.0658
37,2024-06-28 18:29:08,37.8,-1.0,16.0,-0.0625,58.584,67.6484
36,2024-06-28 18:36:34,36.8,-1.0,17.0,-0.058823529411764705,57.402,67.2994
36,2024-06-28 18:37:07,36.6,-1.0,17.0,-0.058823529411764705,57.321,67.2752
35,2024-06-28 18:48:07,35.8,-1.0,17.0,-0.058823529411764705,55.642,66.7726
34,2024-06-28 18:56:55,34.8,-1.0,17.0,-0.058823529411764705,54.278,66.3578
33,2024-06-28 19:12:37,33.8,-1.0,19.0,-0.05263157894736842,52.013,65.6308
32,2024-06-28 19:21:40,32.8,-1.0,17.0,-0.058823529411764705,50.781,65.2184
99,2024-06-28 22:09:03,99.8,-1.0,17.0,-0.058823529411764705,52.499,64.7908
98,2024-06-28 22:16:11,98.8,-1.0,17.0,-0.058823529411764705,53.822,64.8882
97,2024-06-28 22:25:48,97.8,-1.0,17.0,-0.058823529411764705,55.602,65.0364
97,2024-06-28 22:26:37,97.6,-1.0,16.0,-0.0625,55.751,65.0488
96,2024-06-28 22:41:27,96.8,-1.0,16.0,-0.0625,57.31,65.3048
95,2024-06-28 23:01:32,95.8,-1.0,3.0,-0.3333333333333333,59.324,65.7552
94,2024-06-28 23:06:43,94.8,-1.0,15.0,-0.06666666666666667,59.907,65.9048
93,2024-06-28 23:15:14,93.8,-1.0,14.0,-0.07142857142857142,60.872,66.0048
92,2024-06-28 23:21:01,92.8,-1.0,15.0,-0.06666666666666667,61.579,66.0566
91,2024-06-28 23:26:16,91.8,-1.0,18.0,-0.05555555555555555,62.235,66.1098
90,2024-06-28 23:38:38,90.8,-1.0,17.0,-0.058823529411764705,63.863,66.2664
89,2024-06-28 23:43:18,89.8,-1.0,16.0,-0.0625,64.441,66.3266
88,2024-06-28 23:46:51,88.8,-1.0,16.0,-0.0625,64.919,66.3762
87,2024-06-28 23:51:33,87.8,-1.0,16.0,-0.0625,65.57,66.4432
86,2024-06-28 23:56:14,86.8,-1.0,18.0,-0.05555555555555555,66.193,66.5074
85,2024-06-29 00:02:50,85.8,-1.0,17.0,-0.058823529411764705,67.153,66.6042
84,2024-06-29 00:06:56,84.8,-1.0,16.0,-0.0625,67.792,66.6692
83,2024-06-29 00:13:17,83.8,-1.0,133.0,-0.007518796992481203,68.392,66.7304
82,2024-06-29 00:14:55,82.8,-1.0,17.0,-0.058823529411764705,68.651,66.7568
81,2024-06-29 00:20:10,81.8,-1.0,3.0,-0.3333333333333333,69.428,66.834
80,2024-06-29 00:23:44,80.8,-1.0,17.0,-0.058823529411764705,69.76,66.8676
79,2024-06-29 00:29:14,79.8,-1.0,17.0,-0.058823529411764705,70.555,66.947
78,2024-06-29 00:34:27,78.8,-1.0,16.0,-0.0625,71.327,67.025
77,2024-06-29 00:41:52,77.8,-1.0,16.0,-0.0625,72.37,67.132
76,2024-06-29 00:45:10,76.8,-1.0,1.0,-1.0,72.813,67.1784
75,2024-06-29 00:50:23,75.8,-1.0,16.0,-0.0625,73.505,67.2528
74,2024-06-29 00:53:07,74.8,-1.0,15.0,-0.06666666666666667,73.864,67.2914
73,2024-06-29 00:59:10,73.8,-1.0,31.0,-0.03225806451612903,74.689,67.3846
72,2024-06-29 01:02:30,72.8,-1.0,17.0,-0.058823529411764705,75.179,67.445
71,2024-06-29 01:07:09,71.8,-1.0,16.0,-0.0625,75.458,67.4784
70,2024-06-29 01:11:01,70.8,-1.0,17.0,-0.058823529411764705,76.001,67.544
69,2024-06-29 01:15:24,69.8,-1.0,15.0,-0.06666666666666667,76.573,67.6126
68,2024-06-29 01:28:38,68.8,-1.0,17.0,-0.058823529411764705,78.275,67.8318
67,2024-06-29 01:33:51,67.8,-1.0,17.0,-0.058823529411764705,78.67,67.8862
66,2024-06-29 01:37:57,66.8,-1.0,17.0,-0.058823529411764705,79.194,67.9592
65,2024-06-29 01:43:10,65.8,-1.0,15.0,-0.06666666666666667,79.865,68.055
64,2024-06-29 01:45:40,64.8,-1.0,16.0,-0.0625,80.143,68.0962
63,2024-06-29 01:49:31,63.8,-1.0,16.0,-0.0625,80.622,68.1666
62,2024-06-29 01:52:49,62.8,-1.0,18.0,-0.05555555555555555,80.978,68.2192
61,2024-06-29 01:57:12,61.8,-1.0,16.0,-0.0625,81.412,68.2832
60,2024-06-29 01:59:57,60.8,-1.0,16.0,-0.0625,81.691,68.325
59,2024-06-29 02:06:50,59.8,-1.0,17.0,-0.058823529411764705,82.472,68.4368
58,2024-06-29 02:11:15,58.8,-1.0,17.0,-0.058823529411764705,82.93,68.5022
57,2024-06-29 02:15:55,57.8,-1.0,34.0,-0.029411764705882353,82.893,68.5704
52,2024-06-29 02:35:10,56.2,-5.0,1121.0,-0.0044603033006244425,82.807,68.5802
51,2024-06-29 02:39:00,51.8,-1.0,17.0,-0.058823529411764705,82.304,68.6218
50,2024-06-29 02:42:17,50.8,-1.0,16.0,-0.0625,81.749,68.6554
49,2024-06-29 02:47:32,49.8,-1.0,1.0,-1.0,80.648,68.5344
48,2024-06-29 02:53:17,48.8,-1.0,16.0,-0.0625,80.035,68.4126
47,2024-06-29 02:56:37,47.8,-1.0,165.0,-0.006060606060606061,79.826,68.3716
46,2024-06-29 03:00:12,46.8,-1.0,17.0,-0.058823529411764705,79.094,68.2268
43,2024-06-29 03:11:28,45.4,-3.0,462.0,-0.006493506493506494,78.296,68.0702
42,2024-06-29 03:13:56,42.8,-1.0,16.0,-0.0625,78.073,68.0262
41,2024-06-29 03:17:30,41.8,-1.0,16.0,-0.0625,77.288,67.872
40,2024-06-29 03:32:04,40.8,-1.0,16.0,-0.0625,74.184,67.2606
81,2024-06-29 05:25:14,81.8,-1.0,17.0,-0.058823529411764705,65.989,65.6426
81,2024-06-29 05:28:00,81.6,-1.0,150.0,-0.006666666666666667,65.966,65.638
80,2024-06-29 05:30:44,80.8,-1.0,17.0,-0.058823529411764705,65.845,65.6138
77,2024-06-29 05:39:51,79.4,-3.0,448.0,-0.006696428571428571,65.738,65.5932
76,2024-06-29 05:42:51,76.8,-1.0,115.0,-0.008695652173913044,65.677,65.581
75,2024-06-29 05:44:46,75.8,-1.0,16.0,-0.0625,65.58,65.5616
74,2024-06-29 05:52:30,74.8,-1.0,199.0,-0.005025125628140704,65.28,65.5016
73,2024-06-29 05:54:40,73.8,-1.0,15.0,-0.06666666666666667,65.126,65.4708
72,2024-06-29 05:58:16,72.8,-1.0,132.0,-0.007575757575757576,65.017,65.4496
68,2024-06-29 06:07:36,71.2,-4.0,412.0,-0.009708737864077669,64.823,65.4128
67,2024-06-29 06:10:52,67.8,-1.0,16.0,-0.0625,64.546,65.3604
66,2024-06-29 06:12:49,66.8,-1.0,16.0,-0.0625,64.378,65.3294
63,2024-06-29 06:27:24,65.4,-3.0,759.0,-0.003952569169960474,64.183,65.2934
62,2024-06-29 06:30:24,62.8,-1.0,80.0,-0.0125,63.993,65.2582
61,2024-06-29 06:32:36,61.8,-1.0,14.0,-0.07142857142857142,63.856,65.2328
60,2024-06-29 06:35:21,60.8,-1.0,14.0,-0.07142857142857142,63.548,65.176
59,2024-06-29 06:39:14,59.8,-1.0,16.0,-0.0625,63.267,65.1238
58,2024-06-29 06:40:52,58.8,-1.0,17.0,-0.058823529411764705,63.092,65.0918
57,2024-06-29 06:45:01,58.0,-1.0,217.0,-0.004608294930875576,63.002,65.0754
56,2024-06-29 06:46:06,56.8,-1.0,17.0,-0.058823529411764705,62.881,65.0528
56,2024-06-29 06:47:28,56.2,-1.0,15.0,-0.06666666666666667,62.758,65.0302
54,2024-06-29 06:56:01,55.6,-2.0,330.0,-0.006060606060606061,62.447,64.9738
53,2024-06-29 06:58:10,53.8,-1.0,16.0,-0.0625,62.318,64.9496
52,2024-06-29 07:01:14,52.8,-1.0,18.0,-0.05555555555555555,61.921,64.8756
51,2024-06-29 07:07:33,51.8,-1.0,264.0,-0.003787878787878788,61.648,64.8348
50,2024-06-29 07:09:11,50.8,-1.0,16.0,-0.0625,61.442,64.8144
49,2024-06-29 07:12:48,49.8,-1.0,17.0,-0.058823529411764705,61.091,64.7802
48,2024-06-29 07:19:07,48.8,-1.0,18.0,-0.05555555555555555,60.254,64.699
47,2024-06-29 07:23:14,47.8,-1.0,149.0,-0.006711409395973154,59.98,64.6718
46,2024-06-29 07:25:09,46.8,-1.0,16.0,-0.0625,59.734,64.6478
45,2024-06-29 07:33:56,45.8,-1.0,15.0,-0.06666666666666667,58.758,64.5536
44,2024-06-29 07:46:21,44.8,-1.0,18.0,-0.05555555555555555,57.165,64.4134
43,2024-06-29 08:02:00,43.8,-1.0,16.0,-0.0625,55.88,64.3176
42,2024-06-29 08:10:31,42.8,-1.0,15.0,-0.06666666666666667,54.993,64.252
41,2024-06-29 08:19:37,41.8,-1.0,18.0,-0.05555555555555555,53.885,64.1818
41,2024-06-29 08:24:17,41.8,-1.0,2.0,-0.5,53.341,64.1576
41,2024-06-29 08:28:40,41.8,-1.0,15.0,-0.06666666666666667,52.871,64.1434
40,2024-06-29 08:35:16,40.8,-1.0,17.0,-0.058823529411764705,52.142,64.0354
39,2024-06-29 08:48:45,39.8,-1.0,166.0,-0.006024096385542169,51.34,63.7732
38,2024-06-29 09:03:19,38.8,-1.0,2.0,-0.5,49.786,63.2548
38,2024-06-29 09:06:37,38.8,-1.0,16.0,-0.0625,49.467,63.1436
99,2024-06-29 11:15:01,99.8,-1.0,410.0,-0.0024390243902439024,55.474,63.4388
98,2024-06-29 11:32:06,98.8,-1.0,645.0,-0.0015503875968992248,56.181,63.5706
97,2024-06-29 12:21:08,97.8,-1.0,17.0,-0.058823529411764705,59.793,64.55
96,2024-06-29 12:53:20,96.8,-1.0,17.0,-0.058823529411764705,60.955,65.1478
95,2024-06-29 13:01:16,95.8,-1.0,16.0,-0.0625,61.643,65.4286
94,2024-06-29 13:05:09,94.8,-1.0,16.0,-0.0625,62.118,65.604
93,2024-06-29 13:25:13,93.8,-1.0,18.0,-0.05555555555555555,65.02,66.509
92,2024-06-29 13:30:57,92.8,-1.0,15.0,-0.06666666666666667,66.019,66.7826
91,2024-06-29 13:41:10,91.8,-1.0,3.0,-0.3333333333333333,67.615,67.215
91,2024-06-29 13:43:05,91.8,-1.0,18.0,-0.05555555555555555,67.934,67.2998
91,2024-06-29 13:43:53,91.4,-1.0,16.0,-0.0625,68.116,67.3482
90,2024-06-29 13:58:28,90.8,-1.0,17.0,-0.058823529411764705,70.778,68.0506
89,2024-06-29 14:09:11,89.8,-1.0,17.0,-0.058823529411764705,72.762,68.5664
88,2024-06-29 14:20:44,88.8,-1.0,132.0,-0.007575757575757576,74.244,68.9484
87,2024-06-29 14:39:25,87.8,-1.0,16.0,-0.0625,77.71,69.8332
86,2024-06-29 14:43:49,86.8,-1.0,15.0,-0.06666666666666667,78.449,70.0186
85,2024-06-29 15:01:57,85.8,-1.0,346.0,-0.002890173410404624,80.727,70.577
84,2024-06-29 15:22:52,84.8,-1.0,17.0,-0.058823529411764705,84.254,70.5952
83,2024-06-29 15:34:56,83.8,-1.0,17.0,-0.058823529411764705,86.399,70.454
82,2024-06-29 15:36:36,82.8,-1.0,16.0,-0.0625,86.687,70.4314
81,2024-06-29 15:40:26,81.8,-1.0,16.0,-0.0625,87.248,70.3824
80,2024-06-29 15:48:41,80.8,-1.0,17.0,-0.058823529411764705,88.227,70.2756
79,2024-06-29 15:53:39,79.8,-1.0,16.0,-0.0625,88.689,70.211
78,2024-06-29 15:56:39,78.8,-1.0,14.0,-0.07142857142857142,88.905,70.17
77,2024-06-29 16:06:52,77.8,-1.0,17.0,-0.058823529411764705,89.329,70.0258
76,2024-06-29 16:10:57,76.8,-1.0,16.0,-0.0625,89.372,69.9686
75,2024-06-29 16:22:48,75.8,-1.0,16.0,-0.0625,89.191,69.7842
74,2024-06-29 16:29:25,74.8,-1.0,265.0,-0.0037735849056603774,89.134,69.7604
73,2024-06-29 16:29:56,74.2,-1.0,15.0,-0.06666666666666667,89.11,69.7522
72,2024-06-29 16:38:43,72.8,-1.0,16.0,-0.0625,88.319,69.605
71,2024-06-29 16:43:09,71.8,-1.0,17.0,-0.058823529411764705,87.814,69.5256
70,2024-06-29 16:46:27,70.8,-1.0,17.0,-0.058823529411764705,87.436,69.4672
69,2024-06-29 16:54:09,69.8,-1.0,17.0,-0.058823529411764705,86.881,69.3796
68,2024-06-29 16:56:04,68.8,-1.0,16.0,-0.0625,86.648,69.341
67,2024-06-29 17:01:50,67.8,-1.0,16.0,-0.0625,86.377,69.2962
66,2024-06-29 17:07:21,66.8,-1.0,17.0,-0.058823529411764705,86.128,69.256
66,2024-06-29 17:08:27,66.4,-1.0,32.0,-0.03125,86.033,69.2406
65,2024-06-29 17:13:06,65.8,-1.0,15.0,-0.06666666666666667,85.456,69.1468
64,2024-06-29 17:15:19,64.8,-1.0,1.0,-1.0,85.158,69.098
64,2024-06-29 17:16:42,64.8,-1.0,17.0,-0.058823529411764705,84.992,69.0708
63,2024-06-29 17:24:25,63.8,-1.0,34.0,-0.029411764705882353,84.243,68.9486
62,2024-06-29 17:26:52,62.8,-1.0,16.0,-0.0625,83.899,68.8924
61,2024-06-29 17:32:22,61.8,-1.0,1.0,-1.0,83.163,68.7704
60,2024-06-29 17:35:24,60.8,-1.0,18.0,-0.05555555555555555,82.766,68.7042
59,2024-06-29 17:38:58,59.8,-1.0,16.0,-0.0625,82.249,68.6172
58,2024-06-29 17:40:38,58.8,-1.0,2.0,-0.5,82.026,68.579
57,2024-06-29 17:45:02,57.8,-1.0,18.0,-0.05555555555555555,81.417,68.4764
56,2024-06-29 17:47:31,56.8,-1.0,18.0,-0.05555555555555555,81.074,68.4168
55,2024-06-29 17:51:36,55.8,-1.0,181.0,-0.0055248618784530384,80.878,68.3826
52,2024-06-29 18:00:58,54.4,-3.0,477.0,-0.006289308176100629,80.601,68.333
51,2024-06-29 18:03:09,51.8,-1.0,16.0,-0.0625,80.264,68.272
50,2024-06-29 18:07:18,50.8,-1.0,17.0,-0.058823529411764705,79.532,68.14
49,2024-06-29 18:13:37,49.8,-1.0,17.0,-0.058823529411764705,78.431,67.9448
48,2024-06-29 18:19:56,48.8,-1.0,164.0,-0.006097560975609756,77.71,67.8186
47,2024-06-29 18:22:08,47.8,-1.0,16.0,-0.0625,77.344,67.7544
46,2024-06-29 18:25:27,46.8,-1.0,17.0,-0.058823529411764705,76.837,67.664
45,2024-06-29 18:33:58,45.8,-1.0,16.0,-0.0625,75.263,67.386
44,2024-06-29 18:36:25,44.8,-1.0,16.0,-0.0625,74.839,67.3138
43,2024-06-29 18:43:19,43.8,-1.0,16.0,-0.0625,73.514,67.084
42,2024-06-29 18:51:03,42.8,-1.0,35.0,-0.02857142857142857,72.073,66.8376
41,2024-06-29 18:55:24,41.8,-1.0,16.0,-0.0625,71.243,66.6946
40,2024-06-29 18:57:55,40.8,-1.0,19.0,-0.05263157894736842,70.752,66.6084
39,2024-06-29 19:02:01,40.2,-1.0,214.0,-0.004672897196261682,70.651,66.5906
38,2024-06-29 19:05:03,39.6,-1.0,182.0,-0.005494505494505495,70.599,66.5814
77,2024-06-29 20:03:34,77.8,-1.0,3.0,-0.3333333333333333,70.09,66.5062
76,2024-06-29 20:06:01,76.8,-1.0,1.0,-1.0,69.974,66.497
75,2024-06-29 20:10:08,75.8,-1.0,16.0,-0.0625,69.765,66.4794
75,2024-06-29 20:10:58,75.6,-1.0,17.0,-0.058823529411764705,69.725,66.4762
74,2024-06-29 20:12:38,74.8,-1.0,18.0,-0.05555555555555555,69.626,66.469
73,2024-06-29 20:16:43,73.8,-1.0,16.0,-0.0625,69.397,66.4518
72,2024-06-29 20:19:44,72.8,-1.0,16.0,-0.0625,69.231,66.4406
71,2024-06-29 20:23:36,71.8,-1.0,15.0,-0.06666666666666667,69.054,66.4272
70,2024-06-29 20:27:27,70.8,-1.0,16.0,-0.0625,68.815,66.4098
69,2024-06-29 20:30:27,69.8,-1.0,15.0,-0.06666666666666667,68.598,66.3934
68,2024-06-29 20:35:42,68.8,-1.0,18.0,-0.05555555555555555,68.222,66.3666
67,2024-06-29 20:39:17,67.8,-1.0,17.0,-0.058823529411764705,67.958,66.3464
66,2024-06-29 20:41:43,66.8,-1.0,15.0,-0.06666666666666667,67.767,66.3322
65,2024-06-29 20:46:58,65.8,-1.0,17.0,-0.058823529411764705,67.346,66.3004
64,2024-06-29 20:51:04,64.8,-1.0,16.0,-0.0625,67.01,66.2768
63,2024-06-29 20:54:21,63.8,-1.0,16.0,-0.0625,66.736,66.2588
62,2024-06-29 20:57:06,62.8,-1.0,16.0,-0.0625,66.493,66.2432
61,2024-06-29 21:04:17,61.8,-1.0,17.0,-0.058823529411764705,65.825,66.2046
60,2024-06-29 21:07:17,60.8,-1.0,15.0,-0.06666666666666667,65.536,66.188
59,2024-06-29 21:12:00,59.8,-1.0,18.0,-0.05555555555555555,65.069,66.1658
58,2024-06-29 21:16:38,58.8,-1.0,17.0,-0.058823529411764705,64.668,66.1514
57,2024-06-29 21:23:00,57.8,-1.0,18.0,-0.05555555555555555,63.995,66.1442
56,2024-06-29 21:25:11,56.8,-1.0,16.0,-0.0625,63.766,66.142
55,2024-06-29 21:30:57,55.8,-1.0,18.0,-0.05555555555555555,63.231,66.1344
54,2024-06-29 21:33:24,54.8,-1.0,16.0,-0.0625,62.996,66.131
53,2024-06-29 21:37:49,53.8,-1.0,16.0,-0.0625,62.516,66.1266
52,2024-06-29 21:41:07,52.8,-1.0,15.0,-0.06666666666666667,62.191,66.124
51,2024-06-29 21:46:53,51.8,-1.0,16.0,-0.0625,61.578,66.1204
50,2024-06-29 21:49:56,50.8,-1.0,2.0,-0.5,61.226,66.1176
49,2024-06-29 21:54:02,49.8,-1.0,147.0,-0.006802721088435374,61.029,66.1156
48,2024-06-29 21:56:47,48.8,-1.0,15.0,-0.06666666666666667,60.71,66.111
47,2024-06-29 22:01:27,47.8,-1.0,16.0,-0.0625,60.191,66.1032
47,2024-06-29 22:02:18,47.2,-1.0,17.0,-0.058823529411764705,60.076,66.1018
46,2024-06-29 22:04:29,46.8,-1.0,17.0,-0.058823529411764705,59.843,66.0994
45,2024-06-29 22:10:33,45.8,-1.0,16.0,-0.0625,59.092,66.0086
44,2024-06-29 22:13:00,44.8,-1.0,16.0,-0.0625,58.815,65.9556
43,2024-06-29 22:20:42,43.8,-1.0,115.0,-0.008695652173913044,58.081,65.8118
42,2024-06-29 22:21:33,42.8,-1.0,16.0,-0.0625,57.96,65.7884
41,2024-06-29 22:26:13,41.8,-1.0,16.0,-0.0625,57.408,65.6822
40,2024-06-29 22:28:58,40.8,-1.0,16.0,-0.0625,57.066,65.6182
39,2024-06-29 22:34:44,39.8,-1.0,16.0,-0.0625,56.362,65.4836
38,2024-06-29 22:38:53,38.8,-1.0,18.0,-0.05555555555555555,55.842,65.386
37,2024-06-29 22:44:05,37.8,-1.0,15.0,-0.06666666666666667,55.226,65.2678
36,2024-06-29 22:46:51,36.8,-1.0,16.0,-0.0625,54.906,65.2066
35,2024-06-29 22:55:06,35.8,-1.0,16.0,-0.0625,53.956,65.0264
34,2024-06-29 23:04:44,34.8,-1.0,17.0,-0.058823529411764705,52.901,64.8276
33,2024-06-29 23:19:17,33.8,-1.0,17.0,-0.058823529411764705,51.442,64.5504
32,2024-06-29 23:24:47,32.8,-1.0,17.0,-0.058823529411764705,50.984,64.4534
99,2024-06-30 04:32:32,99.8,-1.0,16.0,-0.0625,55.71,65.3852
98,2024-06-30 04:39:58,98.8,-1.0,2.0,-0.5,57.252,65.7386
97,2024-06-30 04:46:33,97.8,-1.0,15.0,-0.06666666666666667,57.804,66.0446
96,2024-06-30 04:51:45,96.8,-1.0,16.0,-0.0625,58.243,66.2804
95,2024-06-30 05:00:16,95.8,-1.0,16.0,-0.0625,59.029,66.6788
94,2024-06-30 05:07:10,94.8,-1.0,17.0,-0.058823529411764705,59.72,67.0072
93,2024-06-30 05:28:13,93.8,-1.0,16.0,-0.0625,60.591,67.4034
92,2024-06-30 05:36:28,92.8,-1.0,16.0,-0.0625,61.453,67.7758
91,2024-06-30 05:46:22,91.8,-1.0,17.0,-0.058823529411764705,62.552,68.228
90,2024-06-30 05:52:07,90.8,-1.0,32.0,-0.03125,62.928,68.376
89,2024-06-30 06:00:23,89.8,-1.0,18.0,-0.05555555555555555,63.881,68.7514
88,2024-06-30 06:06:24,88.8,-1.0,16.0,-0.0625,64.56,69.0122
88,2024-06-30 06:06:41,88.6,-1.0,15.0,-0.06666666666666667,64.619,69.0348
87,2024-06-30 06:16:36,87.8,-1.0,17.0,-0.058823529411764705,65.77,69.4004
86,2024-06-30 06:22:55,86.8,-1.0,33.0,-0.030303030303030304,66.486,69.4096
85,2024-06-30 06:27:19,85.8,-1.0,17.0,-0.058823529411764705,66.992,69.3786
84,2024-06-30 06:42:26,84.8,-1.0,17.0,-0.058823529411764705,68.793,69.217
83,2024-06-30 06:46:50,83.8,-1.0,16.0,-0.0625,69.415,69.1644
82,2024-06-30 06:49:18,82.8,-1.0,17.0,-0.058823529411764705,69.729,69.1372
81,2024-06-30 06:53:41,81.8,-1.0,15.0,-0.06666666666666667,70.278,69.0858
80,2024-06-30 06:58:39,80.8,-1.0,17.0,-0.058823529411764705,70.797,69.0364
79,2024-06-30 07:05:32,79.8,-1.0,18.0,-0.05555555555555555,71.693,68.9478
78,2024-06-30 07:08:48,78.8,-1.0,16.0,-0.0625,72.112,68.9044
77,2024-06-30 07:13:47,77.8,-1.0,17.0,-0.058823529411764705,72.805,68.8298
76,2024-06-30 07:17:03,76.8,-1.0,16.0,-0.0625,73.259,68.7802
75,2024-06-30 07:22:17,75.8,-1.0,16.0,-0.0625,74.003,68.696
74,2024-06-30 07:24:47,74.8,-1.0,18.0,-0.05555555555555555,74.352,68.6538
73,2024-06-30 07:29:43,73.8,-1.0,16.0,-0.0625,74.803,68.5964
72,2024-06-30 07:33:02,72.8,-1.0,17.0,-0.058823529411764705,75.25,68.5368
71,2024-06-30 07:37:42,71.8,-1.0,16.0,-0.0625,75.899,68.4494
70,2024-06-30 07:41:17,70.8,-1.0,17.0,-0.058823529411764705,76.381,68.3848
69,2024-06-30 07:45:09,69.8,-1.0,18.0,-0.05555555555555555,76.924,68.3078
68,2024-06-30 07:48:24,68.8,-1.0,15.0,-0.06666666666666667,77.355,68.245
67,2024-06-30 07:52:48,67.8,-1.0,16.0,-0.0625,77.915,68.161
66,2024-06-30 07:57:30,66.8,-1.0,15.0,-0.06666666666666667,78.49,68.0714
65,2024-06-30 08:04:06,65.8,-1.0,17.0,-0.058823529411764705,79.289,67.9462
64,2024-06-30 08:07:58,64.8,-1.0,34.0,-0.029411764705882353,79.722,67.8732
63,2024-06-30 08:12:05,63.8,-1.0,2.0,-0.5,80.231,67.783
62,2024-06-30 08:15:55,62.8,-1.0,16.0,-0.0625,80.618,67.7136
61,2024-06-30 08:20:35,61.8,-1.0,16.0,-0.0625,81.116,67.6232
60,2024-06-30 08:23:36,60.8,-1.0,16.0,-0.0625,81.463,67.5584
59,2024-06-30 08:27:45,59.8,-1.0,16.0,-0.0625,81.91,67.4718
58,2024-06-30 08:30:14,58.8,-1.0,18.0,-0.05555555555555555,81.948,67.4228
57,2024-06-30 08:33:49,57.8,-1.0,17.0,-0.058823529411764705,81.825,67.3498
56,2024-06-30 08:36:17,56.8,-1.0,17.0,-0.058823529411764705,81.708,67.2926
55,2024-06-30 08:40:24,55.8,-1.0,1.0,-1.0,81.464,67.1948
54,2024-06-30 08:42:51,54.8,-1.0,15.0,-0.06666666666666667,81.311,67.1424
53,2024-06-30 08:47:00,53.8,-1.0,16.0,-0.0625,81.001,67.0504
52,2024-06-30 08:49:27,52.8,-1.0,15.0,-0.06666666666666667,80.783,66.9922
51,2024-06-30 08:52:48,51.8,-1.0,18.0,-0.05555555555555555,80.638,66.9564
50,2024-06-30 08:55:14,50.8,-1.0,15.0,-0.06666666666666667,80.382,66.8968
49,2024-06-30 08:58:17,49.8,-1.0,16.0,-0.0625,80.075,66.8306
48,2024-06-30 09:04:03,48.8,-1.0,197.0,-0.005076142131979695,79.607,66.7688
47,2024-06-30 09:05:09,47.8,-1.0,1.0,-1.0,79.346,66.7376
46,2024-06-30 09:07:36,46.8,-1.0,15.0,-0.06666666666666667,78.868,66.6798
45,2024-06-30 09:10:56,45.8,-1.0,17.0,-0.058823529411764705,78.381,66.621
44,2024-06-30 09:13:23,44.8,-1.0,16.0,-0.0625,77.885,66.5614
90,2024-06-30 10:28:42,90.8,-1.0,16.0,-0.0625,77.448,66.5292
89,2024-06-30 10:32:50,89.8,-1.0,166.0,-0.006024096385542169,77.393,66.5442
88,2024-06-30 10:33:23,89.2,-1.0,18.0,-0.05555555555555555,77.372,66.5488
87,2024-06-30 10:36:24,87.8,-1.0,16.0,-0.0625,77.327,66.5574
86,2024-06-30 10:39:08,86.8,-1.0,15.0,-0.06666666666666667,77.197,66.581
85,2024-06-30 10:43:16,85.8,-1.0,16.0,-0.0625,77.064,66.603
84,2024-06-30 10:46:34,84.8,-1.0,15.0,-0.06666666666666667,76.907,66.6274
83,2024-06-30 10:51:47,83.8,-1.0,16.0,-0.0625,76.659,66.6652
82,2024-06-30 10:53:58,82.8,-1.0,17.0,-0.058823529411764705,76.566,66.6788
81,2024-06-30 10:57:50,81.8,-1.0,33.0,-0.030303030303030304,76.355,66.707
80,2024-06-30 11:00:01,80.8,-1.0,16.0,-0.0625,76.219,66.7246
79,2024-06-30 11:04:09,79.8,-1.0,82.0,-0.012195121951219513,76.049,66.7448
78,2024-06-30 11:06:21,78.8,-1.0,16.0,-0.0625,75.904,66.7608
76,2024-06-30 11:13:13,77.6,-2.0,347.0,-0.005763688760806916,75.817,66.7684
75,2024-06-30 11:14:52,75.8,-1.0,16.0,-0.0625,75.683,66.778
74,2024-06-30 11:16:47,75.2,-1.0,98.0,-0.01020408163265306,75.644,66.7802
73,2024-06-30 11:19:31,73.8,-1.0,16.0,-0.0625,75.423,66.791
72,2024-06-30 11:21:12,72.8,-1.0,17.0,-0.058823529411764705,75.275,66.7964
71,2024-06-30 11:25:35,71.8,-1.0,99.0,-0.010101010101010102,75.186,66.7986
70,2024-06-30 11:26:43,71.0,-1.0,19.0,-0.05263157894736842,75.116,66.7996
69,2024-06-30 11:30:49,69.8,-1.0,199.0,-0.005025125628140704,75.019,66.8002
68,2024-06-30 11:32:28,68.8,-1.0,16.0,-0.0625,74.919,66.8
67,2024-06-30 11:36:17,67.8,-1.0,48.0,-0.020833333333333332,74.593,66.798
66,2024-06-30 11:38:31,66.8,-1.0,17.0,-0.058823529411764705,74.384,66.7962
66,2024-06-30 11:39:20,66.4,-1.0,16.0,-0.0625,74.278,66.7958
65,2024-06-30 11:42:05,65.8,-1.0,16.0,-0.0625,74.011,66.7936
64,2024-06-30 11:46:13,65.0,-1.0,214.0,-0.004672897196261682,73.929,66.7924
63,2024-06-30 11:48:41,63.8,-1.0,16.0,-0.0625,73.648,66.7882
62,2024-06-30 11:52:00,62.8,-1.0,18.0,-0.05555555555555555,73.27,66.7808
61,2024-06-30 11:56:56,61.8,-1.0,16.0,-0.0625,72.68,66.7714
60,2024-06-30 11:59:08,60.8,-1.0,16.0,-0.0625,72.416,66.7672
59,2024-06-30 12:02:26,59.8,-1.0,16.0,-0.0625,72.025,66.7608
59,2024-06-30 12:02:58,59.6,-1.0,15.0,-0.06666666666666667,71.964,66.7598
58,2024-06-30 12:05:28,58.8,-1.0,17.0,-0.058823529411764705,71.653,66.7546
57,2024-06-30 12:07:57,57.8,-1.0,18.0,-0.05555555555555555,71.341,66.7494
56,2024-06-30 12:09:02,56.8,-1.0,16.0,-0.0625,71.212,66.7468
55,2024-06-30 12:12:04,55.8,-1.0,17.0,-0.058823529411764705,70.816,66.737
54,2024-06-30 12:13:26,54.8,-1.0,16.0,-0.0625,70.617,66.7308
53,2024-06-30 12:17:01,53.8,-1.0,18.0,-0.05555555555555555,70.14,66.7164
52,2024-06-30 12:18:38,52.8,-1.0,15.0,-0.06666666666666667,69.964,66.7104
51,2024-06-30 12:21:25,51.8,-1.0,2.0,-0.5,69.747,66.703
50,2024-06-30 12:22:47,50.8,-1.0,15.0,-0.06666666666666667,69.561,66.6958
49,2024-06-30 12:26:22,49.8,-1.0,99.0,-0.010101010101010102,69.225,66.6818
48,2024-06-30 12:27:29,48.8,-1.0,19.0,-0.05263157894736842,69.034,66.6786
48,2024-06-30 12:28:34,48.2,-1.0,17.0,-0.058823529411764705,68.879,66.6756
47,2024-06-30 12:31:52,47.8,-1.0,149.0,-0.006711409395973154,68.722,66.6722
46,2024-06-30 12:32:23,47.2,-1.0,16.0,-0.0625,68.641,66.67
45,2024-06-30 12:35:43,45.8,-1.0,17.0,-0.058823529411764705,68.079,66.656
44,2024-06-30 12:37:22,44.8,-1.0,15.0,-0.06666666666666667,67.835,66.6498
43,2024-06-30 12:40:23,43.8,-1.0,17.0,-0.058823529411764705,67.342,66.6352
42,2024-06-30 12:43:41,42.8,-1.0,16.0,-0.0625,66.753,66.6176
41,2024-06-30 12:47:33,41.8,-1.0,17.0,-0.058823529411764705,66.15,66.6022
40,2024-06-30 12:54:08,40.8,-1.0,16.0,-0.0625,65.019,66.579
39,2024-06-30 12:56:37,39.8,-1.0,16.0,-0.0625,64.584,66.5748
38,2024-06-30 12:59:05,38.8,-1.0,16.0,-0.0625,64.15,66.5702
38,2024-06-30 13:00:10,38.6,-1.0,32.0,-0.03125,64.02,66.5688
37,2024-06-30 13:04:02,37.8,-1.0,16.0,-0.0625,63.325,66.559
36,2024-06-30 13:05:40,36.8,-1.0,16.0,-0.0625,63.061,66.554
35,2024-06-30 13:11:28,35.8,-1.0,2.0,-0.5,62.004,66.5302
34,2024-06-30 13:14:11,34.8,-1.0,15.0,-0.06666666666666667,61.562,66.52
33,2024-06-30 13:19:09,33.8,-1.0,16.0,-0.0625,60.678,66.4958
33,2024-06-30 13:20:16,33.2,-1.0,18.0,-0.05555555555555555,60.5,66.4904
32,2024-06-30 13:26:01,32.8,-1.0,15.0,-0.06666666666666667,59.541,66.4594
31,2024-06-30 13:33:11,31.8,-1.0,16.0,-0.0625,58.458,66.4192
30,2024-06-30 13:43:38,30.8,-1.0,16.0,-0.0625,57.032,66.3578
29,2024-06-30 13:53:32,29.8,-1.0,16.0,-0.0625,55.445,66.1872
28,2024-06-30 14:06:27,28.8,-1.0,16.0,-0.0625,53.509,65.6988
27,2024-06-30 14:15:14,27.8,-1.0,16.0,-0.0625,52.192,65.3938
26,2024-06-30 14:26:15,26.8,-1.0,115.0,-0.008695652173913044,51.059,65.1598
25,2024-06-30 14:42:45,25.8,-1.0,16.0,-0.0625,48.837,64.758
25,2024-06-30 14:43:35,25.6,-1.0,2.0,-0.5,48.711,64.737
99,2024-06-30 17:54:41,99.8,-1.0,16.0,-0.0625,49.335,64.9262
98,2024-06-30 19:22:04,98.8,-1.0,17.0,-0.058823529411764705,53.381,65.7842
97,2024-06-30 19:27:33,97.8,-1.0,17.0,-0.058823529411764705,53.651,66.0108
96,2024-06-30 20:02:59,96.8,-1.0,16.0,-0.0625,55.679,67.4326
95,2024-06-30 20:21:57,95.8,-1.0,18.0,-0.05555555555555555,57.811,68.266
94,2024-06-30 20:25:47,94.8,-1.0,1.0,-1.0,58.332,68.445
93,2024-06-30 20:42:16,93.8,-1.0,312.0,-0.003205128205128205,59.845,68.9452
92,2024-06-30 20:55:12,92.8,-1.0,16.0,-0.0625,61.721,69.4928
91,2024-06-30 21:08:08,91.8,-1.0,17.0,-0.058823529411764705,63.843,69.9386
90,2024-06-30 21:12:48,90.8,-1.0,1.0,-1.0,64.73,70.0752
90,2024-06-30 21:13:38,90.6,-1.0,16.0,-0.0625,64.873,70.0948
89,2024-06-30 21:27:23,89.8,-1.0,16.0,-0.0625,67.043,70.331
88,2024-06-30 21:38:06,88.8,-1.0,16.0,-0.0625,69.188,70.4546
87,2024-06-30 21:48:16,87.8,-1.0,16.0,-0.0625,70.583,70.495
86,2024-06-30 22:05:19,86.8,-1.0,16.0,-0.0625,73.445,70.4234
85,2024-06-30 22:10:34,85.8,-1.0,19.0,-0.05263157894736842,74.248,70.3812
84,2024-06-30 22:19:05,84.8,-1.0,17.0,-0.058823529411764705,75.851,70.295
83,2024-06-30 22:24:50,83.8,-1.0,15.0,-0.06666666666666667,76.964,70.236
82,2024-06-30 22:30:04,82.8,-1.0,16.0,-0.0625,78.076,70.1728
82,2024-06-30 22:30:36,82.6,-1.0,15.0,-0.06666666666666667,78.181,70.1666
81,2024-06-30 22:35:51,81.8,-1.0,117.0,-0.008547008547008548,78.856,70.1248
80,2024-06-30 22:37:13,80.8,-1.0,16.0,-0.0625,79.165,70.1042
79,2024-06-30 22:42:10,79.8,-1.0,17.0,-0.058823529411764705,80.133,70.0356
78,2024-06-30 22:45:28,79.2,-1.0,183.0,-0.00546448087431694,80.232,70.028
77,2024-06-30 22:52:04,77.8,-1.0,16.0,-0.0625,80.917,69.9746
76,2024-06-30 22:54:33,76.8,-1.0,17.0,-0.058823529411764705,81.396,69.9344
75,2024-06-30 23:00:19,75.8,-1.0,18.0,-0.05555555555555555,82.114,69.8712
74,2024-06-30 23:04:58,74.8,-1.0,16.0,-0.0625,82.771,69.81
73,2024-06-30 23:11:52,73.8,-1.0,17.0,-0.058823529411764705,83.421,69.7482
72,2024-06-30 23:16:14,72.8,-1.0,130.0,-0.007692307692307693,83.88,69.7026
70,2024-06-30 23:23:42,72.0,-2.0,445.0,-0.0044943820224719105,83.968,69.693
69,2024-06-30 23:27:14,70.6,-1.0,15.0,-0.06666666666666667,84.053,69.6828
68,2024-06-30 23:30:02,68.8,-1.0,116.0,-0.008620689655172414,84.262,69.6566
67,2024-06-30 23:40:27,67.8,-1.0,395.0,-0.002531645569620253,84.928,69.5726
67,2024-06-30 23:41:16,67.6,-1.0,17.0,-0.058823529411764705,85.053,69.5568
67,2024-06-30 23:41:50,67.6,-1.0,16.0,-0.0625,85.178,69.541
67,2024-06-30 23:42:24,67.6,-1.0,17.0,-0.058823529411764705,85.261,69.5304
66,2024-06-30 23:46:46,66.8,-1.0,17.0,-0.058823529411764705,85.547,69.4924
65,2024-06-30 23:55:19,65.8,-1.0,2.0,-0.5,86.506,69.3578
64,2024-06-30 23:58:20,65.2,-1.0,164.0,-0.006097560975609756,86.583,69.346
63,2024-07-01 00:03:32,63.8,-1.0,32.0,-0.03125,87.0,69.2798
62,2024-07-01 00:08:46,62.8,-1.0,263.0,-0.0038022813688212928,87.185,69.2486
61,2024-07-01 00:15:07,61.8,-1.0,18.0,-0.05555555555555555,88.034,69.1044
60,2024-07-01 00:18:08,60.8,-1.0,33.0,-0.030303030303030304,87.829,69.0346
82,2024-07-01 01:07:48,82.8,-1.0,15.0,-0.06666666666666667,86.725,68.8764
80,2024-07-01 01:18:32,81.6,-2.0,412.0,-0.0048543689320388345,86.655,68.8684
79,2024-07-01 01:28:43,79.8,-1.0,17.0,-0.058823529411764705,86.141,68.8088
79,2024-07-01 01:30:05,79.2,-1.0,16.0,-0.0625,86.042,68.797
78,2024-07-01 01:33:07,78.8,-1.0,83.0,-0.012048192771084338,85.881,68.7776
77,2024-07-01 01:39:40,77.8,-1.0,14.0,-0.07142857142857142,85.504,68.731
76,2024-07-01 01:44:56,76.8,-1.0,17.0,-0.058823529411764705,85.064,68.6762
74,2024-07-01 02:02:30,75.6,-2.0,890.0,-0.0022471910112359553,84.831,68.645
73,2024-07-01 02:11:17,73.8,-1.0,15.0,-0.06666666666666667,84.025,68.538
72,2024-07-01 02:16:14,72.8,-1.0,16.0,-0.0625,83.568,68.4796
71,2024-07-01 02:22:51,71.8,-1.0,16.0,-0.0625,82.892,68.393
70,2024-07-01 02:26:43,70.8,-1.0,16.0,-0.0625,82.501,68.3418
69,2024-07-01 02:32:12,69.8,-1.0,16.0,-0.0625,81.907,68.2628
68,2024-07-01 02:36:02,68.8,-1.0,17.0,-0.058823529411764705,81.528,68.2122
67,2024-07-01 02:40:27,67.8,-1.0,16.0,-0.0625,81.051,68.1508
66,2024-07-01 02:46:46,66.8,-1.0,16.0,-0.0625,80.354,68.0594
65,2024-07-01 02:52:33,65.8,-1.0,15.0,-0.06666666666666667,79.668,67.9702
65,2024-07-01 02:53:07,65.4,-1.0,17.0,-0.058823529411764705,79.579,67.9584
64,2024-07-01 02:56:08,64.8,-1.0,17.0,-0.058823529411764705,79.222,67.9102
63,2024-07-01 03:03:50,63.8,-1.0,2.0,-0.5,78.411,67.7966
62,2024-07-01 03:07:57,62.8,-1.0,15.0,-0.06666666666666667,77.916,67.726
61,2024-07-01 03:14:48,61.8,-1.0,15.0,-0.06666666666666667,77.14,67.6152
60,2024-07-01 03:18:57,60.8,-1.0,16.0,-0.0625,76.627,67.5414
59,2024-07-01 03:25:49,59.8,-1.0,16.0,-0.0625,76.075,67.4614
58,2024-07-01 03:30:15,58.8,-1.0,18.0,-0.05555555555555555,75.612,67.3968
57,2024-07-01 03:36:17,57.8,-1.0,16.0,-0.0625,74.863,67.2954
56,2024-07-01 03:39:51,56.8,-1.0,17.0,-0.058823529411764705,74.383,67.2288
55,2024-07-01 03:45:54,55.8,-1.0,1.0,-1.0,73.556,67.115
54,2024-07-01 03:48:54,54.8,-1.0,16.0,-0.0625,73.17,67.0634
53,2024-07-01 03:55:32,53.8,-1.0,17.0,-0.058823529411764705,72.238,66.9384
52,2024-07-01 04:00:28,52.8,-1.0,16.0,-0.0625,71.589,66.8504
51,2024-07-01 04:05:24,51.8,-1.0,17.0,-0.058823529411764705,70.885,66.7582
50,2024-07-01 04:08:27,50.8,-1.0,16.0,-0.0625,70.402,66.693
49,2024-07-01 04:13:08,49.8,-1.0,17.0,-0.058823529411764705,69.757,66.6044
48,2024-07-01 04:16:25,48.8,-1.0,18.0,-0.05555555555555555,69.3,66.5426
48,2024-07-01 04:17:49,48.8,-1.0,17.0,-0.058823529411764705,69.07,66.5134
47,2024-07-01 04:22:29,47.8,-1.0,16.0,-0.0625,68.328,66.4182
47,2024-07-01 04:23:18,47.4,-1.0,16.0,-0.0625,68.209,66.4028
46,2024-07-01 04:27:41,46.8,-1.0,16.0,-0.0625,67.533,66.3166
45,2024-07-01 04:37:36,45.8,-1.0,15.0,-0.06666666666666667,65.962,66.1198
44,2024-07-01 04:54:39,44.8,-1.0,16.0,-0.0625,64.762,65.9804
43,2024-07-01 05:05:07,43.8,-1.0,17.0,-0.058823529411764705,63.251,65.8124
99,2024-07-01 10:35:15,99.8,-1.0,16.0,-0.0625,63.299,66.0334
98,2024-07-01 10:46:14,98.8,-1.0,15.0,-0.06666666666666667,64.529,66.4076
97,2024-07-01 11:01:06,97.8,-1.0,16.0,-0.0625,66.467,66.9818
96,2024-07-01 11:08:47,96.8,-1.0,16.0,-0.0625,67.488,67.2714
95,2024-07-01 11:57:40,95.8,-1.0,16.0,-0.0625,69.371,68.2222
94,2024-07-01 12:13:53,94.8,-1.0,2.0,-0.5,70.59,68.731
93,2024-07-01 12:22:24,93.8,-1.0,2.0,-0.5,71.286,68.8608
92,2024-07-01 12:28:09,92.8,-1.0,17.0,-0.058823529411764705,71.745,68.9504
91,2024-07-01 12:33:40,91.8,-1.0,1.0,-1.0,72.221,69.0482
90,2024-07-01 12:39:09,90.8,-1.0,17.0,-0.058823529411764705,72.661,69.1396
89,2024-07-01 12:47:41,89.8,-1.0,16.0,-0.0625,73.397,69.2932
88,2024-07-01 12:51:16,88.8,-1.0,17.0,-0.058823529411764705,73.682,69.3528
87,2024-07-01 12:57:02,87.8,-1.0,17.0,-0.058823529411764705,74.113,69.445
86,2024-07-01 12:59:13,86.8,-1.0,15.0,-0.06666666666666667,74.301,69.4862
85,2024-07-01 13:06:07,85.8,-1.0,17.0,-0.058823529411764705,74.874,69.613
85,2024-07-01 13:06:56,85.6,-1.0,16.0,-0.0625,74.939,69.6272
84,2024-07-01 13:11:52,84.8,-1.0,15.0,-0.06666666666666667,75.342,69.716
83,2024-07-01 13:16:34,83.8,-1.0,17.0,-0.058823529411764705,75.748,69.8062
82,2024-07-01 13:19:19,82.8,-1.0,17.0,-0.058823529411764705,75.978,69.858
81,2024-07-01 13:23:58,81.8,-1.0,15.0,-0.06666666666666667,76.349,69.9424
80,2024-07-01 13:27:17,80.8,-1.0,17.0,-0.058823529411764705,76.638,70.0066
79,2024-07-01 13:30:53,79.8,-1.0,19.0,-0.05263157894736842,76.924,70.0706
78,2024-07-01 13:33:04,78.8,-1.0,17.0,-0.058823529411764705,77.105,70.1118
77,2024-07-01 13:37:11,77.8,-1.0,17.0,-0.058823529411764705,77.424,70.1832
76,2024-07-01 13:41:02,76.8,-1.0,17.0,-0.058823529411764705,77.719,70.2514
75,2024-07-01 13:45:26,75.8,-1.0,16.0,-0.0625,78.035,70.3236
74,2024-07-01 13:48:28,74.8,-1.0,17.0,-0.058823529411764705,78.167,70.3552
73,2024-07-01 13:52:02,73.8,-1.0,18.0,-0.05555555555555555,78.428,70.4166
72,2024-07-01 13:54:47,72.8,-1.0,17.0,-0.058823529411764705,78.635,70.464
71,2024-07-01 13:58:21,71.8,-1.0,16.0,-0.0625,78.85,70.5154
70,2024-07-01 14:01:55,70.8,-1.0,32.0,-0.03125,79.079,70.5724
69,2024-07-01 14:07:26,69.8,-1.0,17.0,-0.058823529411764705,79.447,70.6652
68,2024-07-01 14:09:21,68.8,-1.0,16.0,-0.0625,79.583,70.7002
67,2024-07-01 14:14:35,67.8,-1.0,198.0,-0.005050505050505051,79.735,70.7396
66,2024-07-01 14:17:02,66.8,-1.0,16.0,-0.0625,79.816,70.7604
65,2024-07-01 14:22:00,65.8,-1.0,16.0,-0.0625,80.14,70.842
64,2024-07-01 14:24:12,64.8,-1.0,16.0,-0.0625,80.285,70.8796
63,2024-07-01 14:28:04,63.8,-1.0,2.0,-0.5,80.536,70.9434
62,2024-07-01 14:31:22,62.8,-1.0,17.0,-0.058823529411764705,80.735,70.997
61,2024-07-01 14:35:29,61.8,-1.0,16.0,-0.0625,80.976,71.0622
60,2024-07-01 14:38:14,60.8,-1.0,16.0,-0.0625,81.125,71.1032
59,2024-07-01 14:41:49,59.8,-1.0,2.0,-0.5,81.334,71.163
58,2024-07-01 14:45:40,58.8,-1.0,18.0,-0.05555555555555555,81.53,71.2224
57,2024-07-01 14:49:47,57.8,-1.0,16.0,-0.0625,81.737,71.2854
56,2024-07-01 15:02:41,56.8,-1.0,14.0,-0.07142857142857142,82.347,71.481
55,2024-07-01 15:06:00,55.8,-1.0,34.0,-0.029411764705882353,82.497,71.5302
54,2024-07-01 15:08:29,54.8,-1.0,17.0,-0.058823529411764705,82.616,71.57
53,2024-07-01 15:12:03,53.8,-1.0,16.0,-0.0625,82.598,71.623
52,2024-07-01 15:17:17,52.8,-1.0,198.0,-0.005050505050505051,82.174,71.6556
51,2024-07-01 15:17:34,52.4,-1.0,17.0,-0.058823529411764705,82.125,71.659
50,2024-07-01 15:19:29,50.8,-1.0,16.0,-0.0625,81.732,71.686
49,2024-07-01 15:24:43,49.8,-1.0,17.0,-0.058823529411764705,80.781,71.7466
49,2024-07-01 15:25:49,49.6,-1.0,17.0,-0.058823529411764705,80.583,71.7592
47,2024-07-01 15:32:08,48.6,-2.0,280.0,-0.007142857142857143,80.331,71.7738
46,2024-07-01 15:36:15,46.8,-1.0,16.0,-0.0625,79.498,71.8152
87,2024-07-01 16:49:55,71.4,-2.0,280.0,-0.007142857142857143,79.307,71.8556
86,2024-07-01 16:51:16,86.8,-1.0,15.0,-0.06666666666666667,79.246,71.9094
85,2024-07-01 16:55:23,85.8,-1.0,16.0,-0.0625,79.044,72.0792
84,2024-07-01 16:59:47,84.8,-1.0,114.0,-0.008771929824561403,78.9,72.1956
83,2024-07-01 17:05:02,83.8,-1.0,18.0,-0.05555555555555555,78.619,72.4034
82,2024-07-01 17:07:27,82.8,-1.0,15.0,-0.06666666666666667,78.498,72.4576
81,2024-07-01 17:10:47,81.8,-1.0,16.0,-0.0625,78.273,72.499
80,2024-07-01 17:13:15,80.8,-1.0,2.0,-0.5,78.112,72.5238
79,2024-07-01 17:17:22,79.8,-1.0,16.0,-0.0625,77.856,72.5534
78,2024-07-01 17:19:51,78.8,-1.0,17.0,-0.058823529411764705,77.681,72.568
77,2024-07-01 17:25:37,77.8,-1.0,215.0,-0.004651162790697674,77.554,72.5756
76,2024-07-01 17:27:15,76.8,-1.0,16.0,-0.0625,77.439,72.5798
75,2024-07-01 17:30:01,75.8,-1.0,18.0,-0.05555555555555555,77.218,72.5834
74,2024-07-01 17:32:13,75.0,-1.0,17.0,-0.058823529411764705,77.154,72.5832
73,2024-07-01 17:35:47,73.8,-1.0,18.0,-0.05555555555555555,76.845,72.5772
72,2024-07-01 17:37:10,72.8,-1.0,16.0,-0.0625,76.752,72.5738
71,2024-07-01 17:40:59,71.8,-1.0,130.0,-0.007692307692307693,76.559,72.5642
69,2024-07-01 17:48:42,70.6,-2.0,361.0,-0.00554016620498615,76.357,72.5348
68,2024-07-01 17:53:24,68.8,-1.0,166.0,-0.006024096385542169,76.14,72.485
67,2024-07-01 17:56:24,67.8,-1.0,16.0,-0.0625,75.831,72.4144
66,2024-07-01 18:01:06,66.8,-1.0,166.0,-0.006024096385542169,75.572,72.3548
65,2024-07-01 18:03:15,65.8,-1.0,15.0,-0.06666666666666667,75.339,72.3002
64,2024-07-01 18:07:25,64.8,-1.0,16.0,-0.0625,74.858,72.1906
63,2024-07-01 18:12:55,63.8,-1.0,17.0,-0.058823529411764705,74.175,72.0374
62,2024-07-01 18:16:45,62.8,-1.0,17.0,-0.058823529411764705,73.886,71.9742
61,2024-07-01 18:21:43,61.8,-1.0,16.0,-0.0625,73.302,71.8456
60,2024-07-01 18:23:38,60.8,-1.0,17.0,-0.058823529411764705,73.037,71.7878
59,2024-07-01 18:25:50,60.2,-1.0,116.0,-0.008620689655172414,72.968,71.7728
58,2024-07-01 18:28:52,58.8,-1.0,17.0,-0.058823529411764705,72.547,71.683
57,2024-07-01 18:37:23,57.8,-1.0,34.0,-0.029411764705882353,71.775,71.5156
56,2024-07-01 18:39:51,56.8,-1.0,16.0,-0.0625,71.423,71.4386
54,2024-07-01 18:45:21,56.0,-2.0,313.0,-0.006389776357827476,71.349,71.4226
53,2024-07-01 18:49:12,53.8,-1.0,16.0,-0.0625,70.781,71.2994
52,2024-07-01 18:52:13,52.8,-1.0,16.0,-0.0625,70.324,71.1998
52,2024-07-01 18:53:53,52.6,-1.0,17.0,-0.058823529411764705,70.055,71.1416
51,2024-07-01 18:57:11,51.8,-1.0,83.0,-0.012048192771084338,69.826,71.091
50,2024-07-01 18:59:07,51.2,-1.0,17.0,-0.058823529411764705,69.747,71.0736
49,2024-07-01 19:03:45,49.8,-1.0,14.0,-0.07142857142857142,69.026,70.9162
48,2024-07-01 19:06:46,48.8,-1.0,15.0,-0.06666666666666667,68.538,70.8104
47,2024-07-01 19:12:51,47.8,-1.0,16.0,-0.0625,67.529,70.5874
46,2024-07-01 19:18:03,46.8,-1.0,15.0,-0.06666666666666667,66.772,70.4162
45,2024-07-01 19:27:59,45.8,-1.0,17.0,-0.058823529411764705,65.189,70.0578
44,2024-07-01 19:32:07,44.8,-1.0,200.0,-0.005,65.03,70.0216
43,2024-07-01 19:37:36,43.8,-1.0,1.0,-1.0,64.154,69.8212
43,2024-07-01 19:38:59,43.4,-1.0,17.0,-0.058823529411764705,63.956,69.7756
42,2024-07-01 19:42:17,42.8,-1.0,16.0,-0.0625,63.447,69.6568
41,2024-07-01 19:50:32,41.8,-1.0,17.0,-0.058823529411764705,62.166,69.353
40,2024-07-01 19:53:16,40.8,-1.0,15.0,-0.06666666666666667,61.784,69.2606
39,2024-07-01 20:09:13,39.8,-1.0,33.0,-0.030303030303030304,59.527,68.6936
38,2024-07-01 20:18:02,38.8,-1.0,17.0,-0.058823529411764705,58.354,68.3738
37,2024-07-01 20:41:24,37.8,-1.0,17.0,-0.058823529411764705,56.011,67.7
36,2024-07-01 20:49:37,36.8,-1.0,14.0,-0.07142857142857142,55.187,67.4454
35,2024-07-01 21:00:22,35.8,-1.0,16.0,-0.0625,54.14,67.1108
34,2024-07-01 21:06:08,34.8,-1.0,116.0,-0.008620689655172414,53.781,66.9946
34,2024-07-01 21:07:47,34.4,-1.0,15.0,-0.06666666666666667,53.615,66.9404
33,2024-07-01 21:27:52,33.8,-1.0,17.0,-0.058823529411764705,51.828,66.3694
33,2024-07-01 21:29:30,33.8,-1.0,1.0,-1.0,51.687,66.3228
32,2024-07-01 21:39:08,32.8,-1.0,17.0,-0.058823529411764705,51.0,66.076
99,2024-07-01 23:16:39,99.8,-1.0,15.0,-0.06666666666666667,46.985,65.7336
98,2024-07-01 23:30:24,98.8,-1.0,117.0,-0.008547008547008548,48.179,66.1866
97,2024-07-01 23:32:52,97.8,-1.0,16.0,-0.0625,48.46,66.2848
96,2024-07-01 23:35:20,96.8,-1.0,16.0,-0.0625,48.747,66.384
95,2024-07-01 23:39:26,95.8,-1.0,16.0,-0.0625,49.211,66.5444
94,2024-07-01 23:42:30,94.8,-1.0,17.0,-0.058823529411764705,49.596,66.6666
94,2024-07-01 23:44:40,94.8,-1.0,16.0,-0.0625,49.836,66.6736
93,2024-07-01 23:50:11,93.8,-1.0,115.0,-0.008695652173913044,50.315,66.693
92,2024-07-01 23:54:01,92.8,-1.0,15.0,-0.06666666666666667,50.791,66.715
91,2024-07-02 00:07:46,91.8,-1.0,16.0,-0.0625,52.488,66.8062
90,2024-07-02 00:10:14,90.8,-1.0,17.0,-0.058823529411764705,52.752,66.8222
89,2024-07-02 00:18:47,89.8,-1.0,33.0,-0.030303030303030304,53.548,66.8714
89,2024-07-02 00:19:20,89.6,-1.0,16.0,-0.0625,53.619,66.8764
88,2024-07-02 00:25:55,88.8,-1.0,133.0,-0.007518796992481203,54.269,66.9274
87,2024-07-02 00:31:42,87.8,-1.0,18.0,-0.05555555555555555,55.122,67.0036
86,2024-07-02 00:36:56,86.8,-1.0,17.0,-0.058823529411764705,55.801,67.0728
85,2024-07-02 00:41:18,85.8,-1.0,15.0,-0.06666666666666667,56.332,67.1276
84,2024-07-02 00:45:10,84.8,-1.0,33.0,-0.030303030303030304,56.815,67.1802
83,2024-07-02 00:50:57,83.8,-1.0,101.0,-0.009900990099009901,57.406,67.2466
82,2024-07-02 00:53:10,82.8,-1.0,19.0,-0.05263157894736842,57.738,67.2842
80,2024-07-02 01:00:34,81.6,-2.0,230.0,-0.008695652173913044,57.952,67.3078
79,2024-07-02 01:05:16,79.8,-1.0,18.0,-0.05555555555555555,58.563,67.3758
78,2024-07-02 01:08:48,79.2,-1.0,182.0,-0.005494505494505495,58.628,67.3832
77,2024-07-02 01:13:31,77.8,-1.0,18.0,-0.05555555555555555,59.123,67.4384
76,2024-07-02 01:15:42,76.8,-1.0,17.0,-0.058823529411764705,59.419,67.4716
75,2024-07-02 01:22:01,75.8,-1.0,16.0,-0.0625,59.904,67.5286
74,2024-07-02 01:25:52,74.8,-1.0,1.0,-1.0,60.223,67.5672
73,2024-07-02 01:32:28,73.8,-1.0,131.0,-0.007633587786259542,60.798,67.639
72,2024-07-02 01:34:39,72.8,-1.0,16.0,-0.0625,61.076,67.676
70,2024-07-02 01:44:17,71.8,-2.0,543.0,-0.003683241252302026,61.164,67.6882
69,2024-07-02 01:47:52,69.8,-1.0,99.0,-0.010101010101010102,61.334,67.7116
68,2024-07-02 01:49:15,68.8,-1.0,17.0,-0.058823529411764705,61.501,67.7344
67,2024-07-02 02:00:15,67.8,-1.0,397.0,-0.0025188916876574307,61.947,67.7984
66,2024-07-02 02:02:10,66.8,-1.0,33.0,-0.030303030303030304,62.108,67.8234
65,2024-07-02 02:07:55,65.8,-1.0,15.0,-0.06666666666666667,62.705,67.9208
64,2024-07-02 02:11:30,64.8,-1.0,16.0,-0.0625,62.804,67.938
63,2024-07-02 02:16:43,63.8,-1.0,147.0,-0.006802721088435374,63.091,67.9884
62,2024-07-02 02:18:07,62.8,-1.0,17.0,-0.058823529411764705,63.232,68.0134
61,2024-07-02 02:25:16,61.8,-1.0,2.0,-0.5,63.507,68.0622
61,2024-07-02 02:26:05,61.6,-1.0,16.0,-0.0625,63.552,68.0704
60,2024-07-02 02:28:35,60.8,-1.0,18.0,-0.05555555555555555,63.771,68.1102
59,2024-07-02 02:32:09,59.8,-1.0,17.0,-0.058823529411764705,64.049,68.1602
58,2024-07-02 02:51:55,58.8,-1.0,1106.0,-0.0009041591320072332,64.174,68.1828
81,2024-07-02 03:44:20,81.8,-1.0,17.0,-0.058823529411764705,65.329,68.415
77,2024-07-02 03:59:59,77.8,-1.0,32.0,-0.03125,65.768,68.5072
76,2024-07-02 04:06:50,76.8,-1.0,16.0,-0.0625,66.833,68.7344
75,2024-07-02 04:09:19,75.8,-1.0,16.0,-0.0625,67.183,68.8098
75,2024-07-02 04:09:53,75.4,-1.0,16.0,-0.0625,67.298,68.835
74,2024-07-02 04:12:55,74.8,-1.0,17.0,-0.058823529411764705,67.72,68.927
73,2024-07-02 04:18:41,73.8,-1.0,82.0,-0.012195121951219513,68.023,68.9924
72,2024-07-02 04:19:47,72.8,-1.0,16.0,-0.0625,68.17,69.0242
71,2024-07-02 04:31:19,71.8,-1.0,15.0,-0.06666666666666667,68.349,69.0638
70,2024-07-02 04:36:50,70.8,-1.0,17.0,-0.058823529411764705,69.084,69.2274
69,2024-07-02 04:40:40,69.8,-1.0,66.0,-0.015151515151515152,69.503,69.3208
68,2024-07-02 04:44:15,68.8,-1.0,17.0,-0.058823529411764705,69.988,69.427
67,2024-07-02 04:48:37,67.8,-1.0,16.0,-0.0625,70.293,69.4936
66,2024-07-02 04:51:22,66.8,-1.0,16.0,-0.0625,70.655,69.5748
65,2024-07-02 04:58:15,65.8,-1.0,15.0,-0.06666666666666667,71.39,69.7402
64,2024-07-02 05:01:51,64.8,-1.0,17.0,-0.058823529411764705,71.823,69.84
63,2024-07-02 05:05:24,63.8,-1.0,17.0,-0.058823529411764705,72.212,69.9308
63,2024-07-02 05:05:58,63.4,-1.0,16.0,-0.0625,72.3,69.9514
62,2024-07-02 05:09:49,62.8,-1.0,16.0,-0.0625,72.712,70.0464
61,2024-07-02 05:16:07,61.8,-1.0,14.0,-0.07142857142857142,73.436,70.2142
60,2024-07-02 05:20:49,60.8,-1.0,16.0,-0.0625,73.951,70.3328
59,2024-07-02 05:27:26,59.8,-1.0,2.0,-0.5,74.672,70.5104
58,2024-07-02 05:30:27,58.8,-1.0,16.0,-0.0625,74.928,70.5882
57,2024-07-02 05:35:39,57.8,-1.0,17.0,-0.058823529411764705,75.253,70.716
56,2024-07-02 05:38:58,56.8,-1.0,16.0,-0.0625,75.404,70.8026
55,2024-07-02 05:43:55,55.8,-1.0,1.0,-1.0,75.516,70.9224
54,2024-07-02 05:48:36,54.8,-1.0,17.0,-0.058823529411764705,75.518,71.0226
53,2024-07-02 05:54:37,53.8,-1.0,15.0,-0.06666666666666667,75.301,71.0566
52,2024-07-02 05:57:23,52.8,-1.0,16.0,-0.0625,74.832,70.9624
51,2024-07-02 06:05:06,51.8,-1.0,117.0,-0.008547008547008548,74.22,70.8376
50,2024-07-02 06:06:28,50.8,-1.0,18.0,-0.05555555555555555,73.979,70.7894
49,2024-07-02 06:12:32,49.8,-1.0,17.0,-0.058823529411764705,72.802,70.554
48,2024-07-02 06:17:45,48.8,-1.0,2.0,-0.5,71.775,70.3438
47,2024-07-02 06:23:13,47.8,-1.0,16.0,-0.0625,70.765,70.1294
46,2024-07-02 06:28:12,46.8,-1.0,17.0,-0.058823529411764705,69.806,69.9236
45,2024-07-02 06:31:12,45.8,-1.0,16.0,-0.0625,69.373,69.8298
44,2024-07-02 06:34:13,44.8,-1.0,16.0,-0.0625,68.79,69.7048
43,2024-07-02 06:37:34,43.8,-1.0,18.0,-0.05555555555555555,68.155,69.5668
42,2024-07-02 06:43:03,42.8,-1.0,17.0,-0.058823529411764705,67.076,69.329
41,2024-07-02 06:47:43,41.8,-1.0,16.0,-0.0625,66.175,69.1308
40,2024-07-02 06:50:43,40.8,-1.0,14.0,-0.07142857142857142,65.564,68.9962
40,2024-07-02 06:51:18,40.4,-1.0,17.0,-0.058823529411764705,65.412,68.9622
39,2024-07-02 06:58:43,39.8,-1.0,16.0,-0.0625,64.009,68.6428
38,2024-07-02 07:04:12,38.8,-1.0,15.0,-0.06666666666666667,62.961,68.399
37,2024-07-02 07:16:36,37.8,-1.0,17.0,-0.058823529411764705,60.598,67.8418
36,2024-07-02 07:22:55,36.8,-1.0,33.0,-0.030303030303030304,59.495,67.5702
99,2024-07-02 14:10:42,99.8,-1.0,17.0,-0.058823529411764705,58.487,67.2308
98,2024-07-02 14:16:12,98.8,-1.0,16.0,-0.0625,58.967,67.2544
97,2024-07-02 14:22:13,97.8,-1.0,15.0,-0.06666666666666667,59.512,67.2782
96,2024-07-02 14:31:03,96.8,-1.0,2.0,-0.5,60.37,67.3096
95,2024-07-02 14:46:10,95.8,-1.0,18.0,-0.05555555555555555,62.11,67.3636
94,2024-07-02 14:58:30,94.8,-1.0,15.0,-0.06666666666666667,63.75,67.4144
93,2024-07-02 15:08:41,93.8,-1.0,15.0,-0.06666666666666667,65.028,67.4568
93,2024-07-02 15:09:14,93.6,-1.0,16.0,-0.0625,65.051,67.459
92,2024-07-02 15:15:48,92.8,-1.0,16.0,-0.0625,65.437,67.4866
91,2024-07-02 15:24:20,91.8,-1.0,17.0,-0.058823529411764705,65.957,67.5194
90,2024-07-02 15:30:08,90.8,-1.0,17.0,-0.058823529411764705,66.359,67.5398
89,2024-07-02 15:37:17,89.8,-1.0,17.0,-0.058823529411764705,66.898,67.5668
88,2024-07-02 15:43:19,88.8,-1.0,16.0,-0.0625,67.253,67.5834
87,2024-07-02 15:51:49,87.8,-1.0,14.0,-0.07142857142857142,67.971,67.616
86,2024-07-02 15:54:19,86.8,-1.0,16.0,-0.0625,68.181,67.6258
85,2024-07-02 15:59:33,85.8,-1.0,16.0,-0.0625,68.585,67.6468
84,2024-07-02 16:02:50,84.8,-1.0,16.0,-0.0625,68.84,67.6602
83,2024-07-02 16:11:54,83.8,-1.0,15.0,-0.06666666666666667,69.07,67.6732
83,2024-07-02 16:13:01,83.4,-1.0,15.0,-0.06666666666666667,69.155,67.6784
82,2024-07-02 16:17:09,82.8,-1.0,2.0,-0.5,69.511,67.7008
81,2024-07-02 16:22:06,81.8,-1.0,17.0,-0.058823529411764705,69.883,67.725
81,2024-07-02 16:23:10,81.2,-1.0,16.0,-0.0625,69.964,67.7308
80,2024-07-02 16:26:46,80.8,-1.0,16.0,-0.0625,70.256,67.751
80,2024-07-02 16:27:19,80.6,-1.0,15.0,-0.06666666666666667,70.297,67.754
79,2024-07-02 16:31:27,79.8,-1.0,2.0,-0.5,70.641,67.7872
78,2024-07-02 16:35:51,78.8,-1.0,18.0,-0.05555555555555555,70.969,67.8226
77,2024-07-02 16:41:04,77.8,-1.0,15.0,-0.06666666666666667,71.398,67.87
76,2024-07-02 16:44:55,76.8,-1.0,149.0,-0.006711409395973154,71.519,67.883
75,2024-07-02 16:48:28,75.8,-1.0,16.0,-0.0625,71.798,67.9128
74,2024-07-02 16:51:31,74.8,-1.0,16.0,-0.0625,72.053,67.9426
73,2024-07-02 17:01:57,73.8,-1.0,16.0,-0.0625,72.873,68.0462
72,2024-07-02 17:04:09,72.8,-1.0,15.0,-0.06666666666666667,73.06,68.0678
71,2024-07-02 17:08:34,71.8,-1.0,16.0,-0.0625,73.44,68.0412
70,2024-07-02 17:10:45,70.8,-1.0,16.0,-0.0625,73.628,68.02
70,2024-07-02 17:11:20,70.6,-1.0,18.0,-0.05555555555555555,73.669,68.0158
69,2024-07-02 17:15:58,69.8,-1.0,16.0,-0.0625,74.041,67.9796
68,2024-07-02 17:18:26,68.8,-1.0,15.0,-0.06666666666666667,74.242,67.9578
67,2024-07-02 17:24:32,67.8,-1.0,3.0,-0.3333333333333333,74.747,67.9052
66,2024-07-02 17:27:32,66.8,-1.0,17.0,-0.058823529411764705,74.986,67.8802
65,2024-07-02 17:32:12,65.8,-1.0,15.0,-0.06666666666666667,75.329,67.8434
64,2024-07-02 17:35:48,64.8,-1.0,17.0,-0.058823529411764705,75.637,67.8134
63,2024-07-02 17:39:22,63.8,-1.0,17.0,-0.058823529411764705,75.926,67.7852
62,2024-07-02 17:43:28,62.8,-1.0,31.0,-0.03225806451612903,76.228,67.7524
61,2024-07-02 17:47:37,61.8,-1.0,16.0,-0.0625,76.507,67.7214
60,2024-07-02 17:50:04,60.8,-1.0,15.0,-0.06666666666666667,76.705,67.6986
59,2024-07-02 17:56:08,59.8,-1.0,17.0,-0.058823529411764705,77.18,67.6416
58,2024-07-02 17:59:25,58.8,-1.0,31.0,-0.03225806451612903,77.409,67.6128
57,2024-07-02 18:03:34,57.8,-1.0,34.0,-0.029411764705882353,77.712,67.5742
56,2024-07-02 18:06:19,56.8,-1.0,17.0,-0.058823529411764705,77.898,67.549
55,2024-07-02 18:11:16,55.8,-1.0,2.0,-0.5,78.257,67.499
54,2024-07-02 18:13:27,54.8,-1.0,16.0,-0.0625,78.392,67.4784
53,2024-07-02 18:18:08,53.8,-1.0,16.0,-0.0625,78.701,67.4288
53,2024-07-02 18:20:36,53.8,-1.0,16.0,-0.0625,78.87,67.404
52,2024-07-02 18:23:06,52.8,-1.0,16.0,-0.0625,79.015,67.3804
51,2024-07-02 18:27:29,51.8,-1.0,16.0,-0.0625,79.27,67.337
50,2024-07-02 18:30:46,50.8,-1.0,15.0,-0.06666666666666667,79.464,67.3018
49,2024-07-02 18:35:44,49.8,-1.0,133.0,-0.007518796992481203,78.927,67.268
48,2024-07-02 18:37:08,49.4,-1.0,84.0,-0.011904761904761904,78.875,67.2648
47,2024-07-02 18:41:30,47.8,-1.0,15.0,-0.06666666666666667,78.152,67.2212
46,2024-07-02 18:43:09,46.8,-1.0,15.0,-0.06666666666666667,77.787,67.1986
45,2024-07-02 18:48:24,45.8,-1.0,215.0,-0.004651162790697674,77.362,67.1724
44,2024-07-02 18:50:17,44.8,-1.0,15.0,-0.06666666666666667,76.989,67.1484
43,2024-07-02 18:54:43,43.8,-1.0,17.0,-0.058823529411764705,76.016,67.0846
91,2024-07-02 20:04:14,72.2,-1.0,16.0,-0.0625,75.838,67.0922
90,2024-07-02 20:07:32,90.8,-1.0,16.0,-0.0625,75.759,67.1718
89,2024-07-02 20:11:21,89.8,-1.0,164.0,-0.006097560975609756,75.723,67.2016
88,2024-07-02 20:11:38,89.2,-1.0,15.0,-0.06666666666666667,75.706,67.213
87,2024-07-02 20:15:13,87.8,-1.0,16.0,-0.0625,75.592,67.288
86,2024-07-02 20:17:09,86.8,-1.0,2.0,-0.5,75.528,67.328
85,2024-07-02 20:20:09,85.8,-1.0,15.0,-0.06666666666666667,75.407,67.395
84,2024-07-02 20:25:22,84.8,-1.0,16.0,-0.0625,75.186,67.506
83,2024-07-02 20:28:24,83.8,-1.0,15.0,-0.06666666666666667,75.029,67.5786
82,2024-07-02 20:30:53,82.8,-1.0,17.0,-0.058823529411764705,74.917,67.627
81,2024-07-02 20:34:10,81.8,-1.0,17.0,-0.058823529411764705,74.747,67.697
80,2024-07-02 20:36:23,80.8,-1.0,17.0,-0.058823529411764705,74.62,67.7454
79,2024-07-02 20:39:23,79.8,-1.0,16.0,-0.0625,74.439,67.8076
78,2024-07-02 20:43:32,78.8,-1.0,149.0,-0.006711409395973154,74.31,67.8482
77,2024-07-02 20:47:06,77.8,-1.0,16.0,-0.0625,74.084,67.918
76,2024-07-02 20:49:18,76.8,-1.0,17.0,-0.058823529411764705,73.93,67.9628
75,2024-07-02 20:52:02,75.8,-1.0,16.0,-0.0625,73.731,68.0156
74,2024-07-02 20:53:43,74.8,-1.0,3.0,-0.3333333333333333,73.597,68.049
73,2024-07-02 20:58:21,73.8,-1.0,15.0,-0.06666666666666667,73.252,68.1342
72,2024-07-02 21:05:13,72.8,-1.0,16.0,-0.0625,72.803,68.2442
71,2024-07-02 21:08:33,71.8,-1.0,17.0,-0.058823529411764705,72.682,68.2728
70,2024-07-02 21:11:18,70.8,-1.0,17.0,-0.058823529411764705,72.492,68.314
69,2024-07-02 21:14:51,69.8,-1.0,15.0,-0.06666666666666667,72.254,68.3636
68,2024-07-02 21:17:54,68.8,-1.0,17.0,-0.058823529411764705,71.989,68.4162
67,2024-07-02 21:23:24,67.8,-1.0,117.0,-0.008547008547008548,71.696,68.4732
66,2024-07-02 21:24:44,66.8,-1.0,15.0,-0.06666666666666667,71.58,68.494
65,2024-07-02 21:27:46,65.8,-1.0,17.0,-0.058823529411764705,71.435,68.5178
64,2024-07-02 21:32:59,64.8,-1.0,16.0,-0.0625,70.92,68.5984
63,2024-07-02 21:35:44,63.8,-1.0,15.0,-0.06666666666666667,70.648,68.64
62,2024-07-02 21:40:59,62.8,-1.0,132.0,-0.007575757575757576,70.297,68.6902
61,2024-07-02 21:42:55,61.8,-1.0,17.0,-0.058823529411764705,70.088,68.7186
60,2024-07-02 21:46:44,60.8,-1.0,15.0,-0.06666666666666667,69.845,68.749
58,2024-07-02 21:51:44,59.6,-2.0,183.0,-0.01092896174863388,69.6,68.7774
56,2024-07-02 21:57:13,57.6,-2.0,231.0,-0.008658008658008658,69.374,68.7994
55,2024-07-02 21:59:42,55.8,-1.0,18.0,-0.05555555555555555,69.073,68.8238
54,2024-07-02 22:03:15,55.2,-1.0,197.0,-0.005076142131979695,69.011,68.8284
53,2024-07-02 22:03:49,54.0,-1.0,16.0,-0.0625,68.917,68.8348
52,2024-07-02 22:06:34,52.8,-1.0,2.0,-0.5,68.567,68.8566
51,2024-07-02 22:09:35,51.8,-1.0,16.0,-0.0625,68.279,68.8726
51,2024-07-02 22:10:07,51.6,-1.0,15.0,-0.06666666666666667,68.215,68.8532
50,2024-07-02 22:12:37,50.8,-1.0,16.0,-0.0625,67.893,68.755
49,2024-07-02 22:14:32,49.8,-1.0,1.0,-1.0,67.727,68.7048
48,2024-07-02 22:16:44,48.8,-1.0,16.0,-0.0625,67.459,68.623
48,2024-07-02 22:17:16,48.6,-1.0,17.0,-0.058823529411764705,67.392,68.6024
47,2024-07-02 22:20:01,47.8,-1.0,17.0,-0.058823529411764705,67.017,68.4878
46,2024-07-02 22:23:21,46.8,-1.0,34.0,-0.029411764705882353,66.573,68.3518
45,2024-07-02 22:26:55,45.8,-1.0,17.0,-0.058823529411764705,66.09,68.2032
44,2024-07-02 22:29:24,44.8,-1.0,17.0,-0.058823529411764705,65.774,68.1058
43,2024-07-02 22:34:53,43.8,-1.0,16.0,-0.0625,65.041,67.8766
42,2024-07-02 22:38:28,42.8,-1.0,100.0,-0.01,64.76,67.7884
41,2024-07-02 22:41:13,41.8,-1.0,17.0,-0.058823529411764705,64.365,67.665
40,2024-07-02 22:45:38,40.8,-1.0,17.0,-0.058823529411764705,63.73,67.4596
39,2024-07-02 22:48:55,39.8,-1.0,16.0,-0.0625,63.274,67.3086
38,2024-07-02 22:53:51,38.8,-1.0,16.0,-0.0625,62.608,67.088
37,2024-07-02 22:58:15,37.8,-1.0,15.0,-0.06666666666666667,61.959,66.877
36,2024-07-02 23:03:13,36.8,-1.0,15.0,-0.06666666666666667,61.241,66.6408
36,2024-07-02 23:03:46,36.6,-1.0,16.0,-0.0625,61.17,66.617
35,2024-07-02 23:08:27,35.8,-1.0,17.0,-0.058823529411764705,60.496,66.3888
34,2024-07-02 23:18:04,34.8,-1.0,16.0,-0.0625,59.489,66.0348
34,2024-07-02 23:18:36,34.6,-1.0,14.0,-0.07142857142857142,59.422,66.0102
33,2024-07-02 23:30:49,33.8,-1.0,352.0,-0.002840909090909091,58.843,65.8002
32,2024-07-02 23:35:30,32.8,-1.0,16.0,-0.0625,58.224,65.5768
31,2024-07-02 23:43:27,31.8,-1.0,16.0,-0.0625,57.414,65.2742
31,2024-07-02 23:44:18,31.4,-1.0,17.0,-0.058823529411764705,57.28,65.2234
30,2024-07-02 23:48:57,30.8,-1.0,16.0,-0.0625,56.681,64.9936
30,2024-07-02 23:49:31,30.6,-1.0,15.0,-0.06666666666666667,56.584,64.9556
29,2024-07-03 00:09:09,29.8,-1.0,16.0,-0.0625,55.46,64.509
29,2024-07-03 00:09:43,29.6,-1.0,17.0,-0.058823529411764705,55.398,64.4836
99,2024-07-03 02:38:03,87.6,-1.0,348.0,-0.0028735632183908046,54.589,64.0798
98,2024-07-03 08:54:39,98.8,-1.0,16.0,-0.0625,56.442,64.155
97,2024-07-03 09:17:38,97.8,-1.0,2.0,-0.5,58.559,64.2458
96,2024-07-03 09:21:12,96.8,-1.0,15.0,-0.06666666666666667,59.188,64.2758
95,2024-07-03 09:34:56,95.8,-1.0,17.0,-0.058823529411764705,61.288,64.3724
94,2024-07-03 09:44:50,94.8,-1.0,18.0,-0.05555555555555555,63.147,64.4614
93,2024-07-03 10:07:38,93.8,-1.0,17.0,-0.058823529411764705,63.598,64.6416
92,2024-07-03 10:20:17,92.8,-1.0,16.0,-0.0625,64.026,64.8024
